IF NOT EXISTS(SELECT * FROM Globals) BEGIN
	INSERT INTO Globals (DBSchemaLevel, FixedDataLevel, SystemVersion)
	VALUES (1, 1, '1.0.0.6')
END
IF NOT EXISTS(SELECT * FROM Org) BEGIN
	INSERT INTO Org(Number, Name, Alias1, Alias2) VALUES ('806050001', '榆林分行公司业务部', '公司部', '营业部')
	INSERT INTO Org(Number, Name, Alias1, Alias2) VALUES ('806050101', '望湖路支行', '望湖路', '榆林分行望湖路支行')
	INSERT INTO Org(Number, Name, Alias1, Alias2) VALUES ('806050201', '榆阳西路支行', '榆阳西路', '榆林分行榆阳西路支行')
	INSERT INTO Org(Number, Name, Alias1, Alias2) VALUES ('806050301', '世纪广场支行', '世纪广场', '榆林分行世纪广场支行')
	INSERT INTO Org(Number, Name, Alias1, Alias2) VALUES ('806050401', '榆林保宁路支行', '保宁路', '榆林分行保宁路支行')
	INSERT INTO Org(Number, Name, Alias1, Alias2) VALUES ('806050501', '榆林开发区支行', '开发区', '榆林分行开发区支行')
	INSERT INTO Org(Number, Name, Alias1, Alias2) VALUES ('806050601', '神木县支行', '神木支行', NULL)
	INSERT INTO Org(Number, Name, Alias1, Alias2) VALUES ('806050701', '府谷县支行', '府谷支行', NULL)
	INSERT INTO Org(Number, Name, Alias1, Alias2) VALUES ('806050801', '横山县支行', '横山支行', NULL)
	INSERT INTO Org(Number, Name, Alias1, Alias2) VALUES ('806050901', '榆林银沙路支行', '银沙路', '榆林分行银沙路支行')
	INSERT INTO Org(Number, Name, Alias1, Alias2) VALUES ('806051001', '靖边县支行', '靖边支行', NULL)
	INSERT INTO Org(Number, Name, Alias1, Alias2) VALUES ('806051101', '榆林肤施路支行', '肤施路', '榆林分行肤施路支行')
	INSERT INTO Org(Number, Name, Alias1, Alias2) VALUES ('806051201', '神木县大柳塔支行', '神木大柳塔', NULL)
	INSERT INTO Org(Number, Name, Alias1, Alias2) VALUES ('806051301', '府谷县河滨路支行', '府谷河滨路', NULL)
	INSERT INTO Org(Number, Name, Alias1, Alias2) VALUES ('806051401', '定边县支行', '定边支行', NULL)
	INSERT INTO Org(Number, Name, Alias1, Alias2) VALUES ('806051501', '神木县东兴街支行', '神木东兴街', NULL)
	INSERT INTO Org(Number, Name, Alias1, Alias2) VALUES ('806051601', '榆林青山路社区支行', '青山路', '榆林分行青山路社区支行')
	INSERT INTO Org(Number, Name, Alias1, Alias2) VALUES ('806051701', '榆林上郡路支行', '上郡路', '榆林分行上郡路支行')
	INSERT INTO Org(Number, Name, Alias1, Alias2) VALUES ('806051801', '靖边县长城路小微支行', '靖边长城路', NULL)
	INSERT INTO Org(Number, Name, Alias1, Alias2) VALUES ('806051901', '榆林北大街社区支行', '北大街', '榆林分行北大街社区支行')
	INSERT INTO Org(Number, Name, Alias1, Alias2) VALUES ('806052001', '榆林金沙路社区支行', '金沙路', '榆林分行金沙路社区支行')
	INSERT INTO Org(Number, Name, Alias1, Alias2) VALUES ('806052101', '横山县北大街小微支行', '横山北大街', NULL)
	INSERT INTO Org(Number, Name, Alias1, Alias2) VALUES ('806052201', '府谷县河滨公园小微支行', '府谷河滨公园', NULL)
	INSERT INTO Org(Number, Name, Alias1, Alias2) VALUES ('806052301', '神木县麟州路小微支行', '神木麟州路', NULL)
	INSERT INTO Org(Number, Name, Alias1, Alias2) VALUES ('806052401', '神木县锦界工业园小微支行', '神木锦界工业园', NULL)
	INSERT INTO Org(Number, Name, Alias1, Alias2) VALUES ('806052601', '榆林明珠大道支行', '明珠大', '榆林分行明珠大道支行')
	INSERT INTO Org(Number, Name, Alias1, Alias2) VALUES ('806057777', '806057777', '806057777', NULL)
END

IF NOT EXISTS(SELECT * FROM DanBaoFangShi) BEGIN
	INSERT INTO DanBaoFangShi(Name, Category) VALUES ('信用', '信用')
	INSERT INTO DanBaoFangShi(Name, Category) VALUES ('(出让)国有土地使用权抵押', '抵押')
	INSERT INTO DanBaoFangShi(Name, Category) VALUES ('(划拨)国有土地使用权抵押', '抵押')
	INSERT INTO DanBaoFangShi(Name, Category) VALUES ('(开发区内)标准厂房抵押', '抵押')
	INSERT INTO DanBaoFangShi(Name, Category) VALUES ('采矿权抵押', '抵押')
	INSERT INTO DanBaoFangShi(Name, Category) VALUES ('其他抵押', '抵押')
	INSERT INTO DanBaoFangShi(Name, Category) VALUES ('其他设备抵押', '抵押')
	INSERT INTO DanBaoFangShi(Name, Category) VALUES ('商品房(商用)产权房期房抵押', '抵押')
	INSERT INTO DanBaoFangShi(Name, Category) VALUES ('商品房(商用)产权房现房抵押', '抵押')
	INSERT INTO DanBaoFangShi(Name, Category) VALUES ('商品房(住宅)产权房期房抵押', '抵押')
	INSERT INTO DanBaoFangShi(Name, Category) VALUES ('商品房(住宅)产权房现房抵押', '抵押')
	INSERT INTO DanBaoFangShi(Name, Category) VALUES ('一般厂房抵押', '抵押')
	INSERT INTO DanBaoFangShi(Name, Category) VALUES ('在建工程抵押', '抵押')
	INSERT INTO DanBaoFangShi(Name, Category) VALUES ('自建办公楼现房抵押', '抵押')
	INSERT INTO DanBaoFangShi(Name, Category) VALUES ('交通运输工具(车、船、飞机)', '抵押')
	INSERT INTO DanBaoFangShi(Name, Category) VALUES ('道路收费权质押', '质押')
	INSERT INTO DanBaoFangShi(Name, Category) VALUES ('非上市公司股权质押', '质押')
	INSERT INTO DanBaoFangShi(Name, Category) VALUES ('其他质押', '质押')
	INSERT INTO DanBaoFangShi(Name, Category) VALUES ('商标权质押', '质押')
	INSERT INTO DanBaoFangShi(Name, Category) VALUES ('我行保本型理财产品质押', '质押')
	INSERT INTO DanBaoFangShi(Name, Category) VALUES ('我行人民币存款质押', '质押')
	INSERT INTO DanBaoFangShi(Name, Category) VALUES ('应收账款质押', '质押')
	INSERT INTO DanBaoFangShi(Name, Category) VALUES ('著作权中的财产权质押', '质押')
	INSERT INTO DanBaoFangShi(Name, Category) VALUES ('专利权质押', '质押')
	INSERT INTO DanBaoFangShi(Name, Category) VALUES ('上市公司', '保证')
	INSERT INTO DanBaoFangShi(Name, Category) VALUES ('100%保证金', '保证')
	INSERT INTO DanBaoFangShi(Name, Category) VALUES ('其他保证', '保证')
	INSERT INTO DanBaoFangShi(Name, Category) VALUES ('小型企业保证', '保证')
	INSERT INTO DanBaoFangShi(Name, Category) VALUES ('行政事业单位保证', '保证')
	INSERT INTO DanBaoFangShi(Name, Category) VALUES ('中型企业保证', '保证')
	INSERT INTO DanBaoFangShi(Name, Category) VALUES ('自然人保证', '保证')
	INSERT INTO DanBaoFangShi(Name, Category) VALUES ('担保公司', '保证')
	INSERT INTO DanBaoFangShi(Name, Category) VALUES ('多户联保', '保证')
	INSERT INTO DanBaoFangShi(Name, Category) VALUES ('大型企业', '保证')
END

IF NOT EXISTS(SELECT * FROM Direction) BEGIN
	INSERT INTO Direction(Id, Name) VALUES (1, '农、林、牧、渔业')
	INSERT INTO Direction(Id, Name) VALUES (2, '采矿业')
	INSERT INTO Direction(Id, Name) VALUES (3, '制造业')
	INSERT INTO Direction(Id, Name) VALUES (4, '电力、热力、燃气及水生产和供应业')
	INSERT INTO Direction(Id, Name) VALUES (5, '建筑业')
	INSERT INTO Direction(Id, Name) VALUES (6, '批发和零售业')
	INSERT INTO Direction(Id, Name) VALUES (7, '交通运输、仓储和邮政业')
	INSERT INTO Direction(Id, Name) VALUES (8, '住宿和餐饮业')
	INSERT INTO Direction(Id, Name) VALUES (9, '信息传输、软件和信息技术服务业')
	INSERT INTO Direction(Id, Name) VALUES (10, '金融业')
	INSERT INTO Direction(Id, Name) VALUES (11, '房地产业')
	INSERT INTO Direction(Id, Name) VALUES (12, '租赁和商务服务业')
	INSERT INTO Direction(Id, Name) VALUES (13, '科学研究和技术服务业')
	INSERT INTO Direction(Id, Name) VALUES (14, '水利、环境和公共设施管理业')
	INSERT INTO Direction(Id, Name) VALUES (15, '居民服务、修理和其他服务业')
	INSERT INTO Direction(Id, Name) VALUES (16, '教育')
	INSERT INTO Direction(Id, Name) VALUES (17, '卫生和社会工作')
	INSERT INTO Direction(Id, Name) VALUES (18, '文化、体育和娱乐业')
	INSERT INTO Direction(Id, Name) VALUES (19, '公共管理、社会保障和社会组织')
	INSERT INTO Direction(Id, Name) VALUES (20, '国际组织')
END

IF NOT EXISTS(SELECT * FROM Direction2) BEGIN
	INSERT INTO Direction2(Id, DirectionId, Name) VALUES (1, 1, '农业')
	INSERT INTO Direction2(Id, DirectionId, Name) VALUES (2, 1, '林业')
	INSERT INTO Direction2(Id, DirectionId, Name) VALUES (3, 1, '畜牧业')
	INSERT INTO Direction2(Id, DirectionId, Name) VALUES (4, 1, '渔业')
	INSERT INTO Direction2(Id, DirectionId, Name) VALUES (5, 1, '农、林、牧、渔服务业')
	INSERT INTO Direction2(Id, DirectionId, Name) VALUES (6, 2, '煤炭开采和洗选业')
	INSERT INTO Direction2(Id, DirectionId, Name) VALUES (7, 2, '石油和天然气开采业')
	INSERT INTO Direction2(Id, DirectionId, Name) VALUES (8, 2, '黑色金属矿采选业')
	INSERT INTO Direction2(Id, DirectionId, Name) VALUES (9, 2, '有色金属矿采选业')
	INSERT INTO Direction2(Id, DirectionId, Name) VALUES (10, 2, '非金属矿采选业')
	INSERT INTO Direction2(Id, DirectionId, Name) VALUES (11, 2, '开采辅助活动')
	INSERT INTO Direction2(Id, DirectionId, Name) VALUES (12, 2, '其他采矿业')
	INSERT INTO Direction2(Id, DirectionId, Name) VALUES (13, 3, '农副食品加工业')
	INSERT INTO Direction2(Id, DirectionId, Name) VALUES (14, 3, '食品制造业')
	INSERT INTO Direction2(Id, DirectionId, Name) VALUES (15, 3, '酒、饮料和精致茶制造业')
	INSERT INTO Direction2(Id, DirectionId, Name) VALUES (15, 3, '酒、饮料和精制茶制造业')
	INSERT INTO Direction2(Id, DirectionId, Name) VALUES (16, 3, '烟草制品业')
	INSERT INTO Direction2(Id, DirectionId, Name) VALUES (17, 3, '纺织业')
	INSERT INTO Direction2(Id, DirectionId, Name) VALUES (18, 3, '纺织服装、服饰业')
	INSERT INTO Direction2(Id, DirectionId, Name) VALUES (19, 3, '皮革、毛皮、羽毛及其制品和制鞋业')
	INSERT INTO Direction2(Id, DirectionId, Name) VALUES (20, 3, '木材加工和木、竹、藤、棕、草制品业')
	INSERT INTO Direction2(Id, DirectionId, Name) VALUES (21, 3, '家具制造业')
	INSERT INTO Direction2(Id, DirectionId, Name) VALUES (22, 3, '造纸和纸制品业')
	INSERT INTO Direction2(Id, DirectionId, Name) VALUES (23, 3, '印刷和记录媒介的复制业')
	INSERT INTO Direction2(Id, DirectionId, Name) VALUES (23, 3, '印刷和记录媒介复制业')
	INSERT INTO Direction2(Id, DirectionId, Name) VALUES (24, 3, '文教、工美、体育和娱乐用品制造业')
	INSERT INTO Direction2(Id, DirectionId, Name) VALUES (25, 3, '石油加工、炼焦和核燃料加工业')
	INSERT INTO Direction2(Id, DirectionId, Name) VALUES (26, 3, '化学原料和化学制品制造业')
	INSERT INTO Direction2(Id, DirectionId, Name) VALUES (27, 3, '医药制造业')
	INSERT INTO Direction2(Id, DirectionId, Name) VALUES (28, 3, '化学纤维制造业')
	INSERT INTO Direction2(Id, DirectionId, Name) VALUES (29, 3, '橡胶和塑料制品业')
	INSERT INTO Direction2(Id, DirectionId, Name) VALUES (30, 3, '非金属矿物制品业')
	INSERT INTO Direction2(Id, DirectionId, Name) VALUES (31, 3, '黑色金属冶炼和压延加工业')
	INSERT INTO Direction2(Id, DirectionId, Name) VALUES (32, 3, '有色金属冶炼和压延加工业')
	INSERT INTO Direction2(Id, DirectionId, Name) VALUES (33, 3, '金属制品业')
	INSERT INTO Direction2(Id, DirectionId, Name) VALUES (34, 3, '通用设备制造业')
	INSERT INTO Direction2(Id, DirectionId, Name) VALUES (35, 3, '专用设备制造业')
	INSERT INTO Direction2(Id, DirectionId, Name) VALUES (36, 3, '汽车制造业')
	INSERT INTO Direction2(Id, DirectionId, Name) VALUES (37, 3, '铁路、船舶、航空航天和其他运输设备制造业')
	INSERT INTO Direction2(Id, DirectionId, Name) VALUES (38, 3, '电气机械和器材制造业')
	INSERT INTO Direction2(Id, DirectionId, Name) VALUES (39, 3, '计算机、通信和其他电子设备制造业')
	INSERT INTO Direction2(Id, DirectionId, Name) VALUES (40, 3, '仪器仪表制造业')
	INSERT INTO Direction2(Id, DirectionId, Name) VALUES (41, 3, '其他制造业')
	INSERT INTO Direction2(Id, DirectionId, Name) VALUES (42, 3, '废弃资源综合利用业')
	INSERT INTO Direction2(Id, DirectionId, Name) VALUES (43, 3, '金属制品、机械和设备修理业')
	INSERT INTO Direction2(Id, DirectionId, Name) VALUES (44, 4, '电力、热力生产和供应业')
	INSERT INTO Direction2(Id, DirectionId, Name) VALUES (45, 4, '燃气生产和供应业')
	INSERT INTO Direction2(Id, DirectionId, Name) VALUES (46, 4, '水的生产和供应业')
	INSERT INTO Direction2(Id, DirectionId, Name) VALUES (47, 5, '房屋建筑业')
	INSERT INTO Direction2(Id, DirectionId, Name) VALUES (48, 5, '土木工程建筑业')
	INSERT INTO Direction2(Id, DirectionId, Name) VALUES (49, 5, '建筑安装业')
	INSERT INTO Direction2(Id, DirectionId, Name) VALUES (50, 5, '建筑装饰和其他建筑业')
	INSERT INTO Direction2(Id, DirectionId, Name) VALUES (51, 6, '批发业')
	INSERT INTO Direction2(Id, DirectionId, Name) VALUES (52, 6, '零售业')
	INSERT INTO Direction2(Id, DirectionId, Name) VALUES (53, 7, '铁路运输业')
	INSERT INTO Direction2(Id, DirectionId, Name) VALUES (54, 7, '道路运输业')
	INSERT INTO Direction2(Id, DirectionId, Name) VALUES (55, 7, '水上运输业')
	INSERT INTO Direction2(Id, DirectionId, Name) VALUES (56, 7, '航空运输业')
	INSERT INTO Direction2(Id, DirectionId, Name) VALUES (57, 7, '管道运输业')
	INSERT INTO Direction2(Id, DirectionId, Name) VALUES (58, 7, '装卸搬运和运输代理业')
	INSERT INTO Direction2(Id, DirectionId, Name) VALUES (59, 7, '仓储业')
	INSERT INTO Direction2(Id, DirectionId, Name) VALUES (60, 7, '邮政业')
	INSERT INTO Direction2(Id, DirectionId, Name) VALUES (61, 8, '住宿业')
	INSERT INTO Direction2(Id, DirectionId, Name) VALUES (62, 8, '餐饮业')
	INSERT INTO Direction2(Id, DirectionId, Name) VALUES (63, 9, '电信、广播电视和卫星传输服务')
	INSERT INTO Direction2(Id, DirectionId, Name) VALUES (64, 9, '互联网和相关服务')
	INSERT INTO Direction2(Id, DirectionId, Name) VALUES (65, 9, '软件和信息技术服务业')
	INSERT INTO Direction2(Id, DirectionId, Name) VALUES (66, 10, '货币金融服务')
	INSERT INTO Direction2(Id, DirectionId, Name) VALUES (67, 10, '资本市场服务')
	INSERT INTO Direction2(Id, DirectionId, Name) VALUES (68, 10, '保险业')
	INSERT INTO Direction2(Id, DirectionId, Name) VALUES (69, 10, '其他金融业')
	INSERT INTO Direction2(Id, DirectionId, Name) VALUES (70, 11, '房地产业')
	INSERT INTO Direction2(Id, DirectionId, Name) VALUES (71, 12, '租赁业')
	INSERT INTO Direction2(Id, DirectionId, Name) VALUES (72, 12, '商务服务业')
	INSERT INTO Direction2(Id, DirectionId, Name) VALUES (73, 13, '研究和试验发展')
	INSERT INTO Direction2(Id, DirectionId, Name) VALUES (74, 13, '专业技术服务业')
	INSERT INTO Direction2(Id, DirectionId, Name) VALUES (75, 13, '科技推广和应用服务业')
	INSERT INTO Direction2(Id, DirectionId, Name) VALUES (76, 14, '水利管理业')
	INSERT INTO Direction2(Id, DirectionId, Name) VALUES (77, 14, '生态保护和环境治理业')
	INSERT INTO Direction2(Id, DirectionId, Name) VALUES (78, 14, '公共设施管理业')
	INSERT INTO Direction2(Id, DirectionId, Name) VALUES (79, 15, '居民服务业')
	INSERT INTO Direction2(Id, DirectionId, Name) VALUES (80, 15, '机动车、电子产品和日用品修理业')
	INSERT INTO Direction2(Id, DirectionId, Name) VALUES (80, 15, '机动车、电子产品和日用产品修理业')
	INSERT INTO Direction2(Id, DirectionId, Name) VALUES (81, 15, '其他服务业')
	INSERT INTO Direction2(Id, DirectionId, Name) VALUES (82, 16, '教育')
	INSERT INTO Direction2(Id, DirectionId, Name) VALUES (83, 17, '卫生')
	INSERT INTO Direction2(Id, DirectionId, Name) VALUES (84, 17, '社会工作')
	INSERT INTO Direction2(Id, DirectionId, Name) VALUES (85, 18, '新闻和出版业')
	INSERT INTO Direction2(Id, DirectionId, Name) VALUES (86, 18, '广播、电视、电影和影视录音制造业')
	INSERT INTO Direction2(Id, DirectionId, Name) VALUES (86, 18, '广播、电视、电影和影视录音制作业')
	INSERT INTO Direction2(Id, DirectionId, Name) VALUES (87, 18, '文化艺术业')
	INSERT INTO Direction2(Id, DirectionId, Name) VALUES (88, 18, '体育')
	INSERT INTO Direction2(Id, DirectionId, Name) VALUES (89, 18, '娱乐业')
	INSERT INTO Direction2(Id, DirectionId, Name) VALUES (90, 19, '中国共产党机关')
	INSERT INTO Direction2(Id, DirectionId, Name) VALUES (91, 19, '国家机构')
	INSERT INTO Direction2(Id, DirectionId, Name) VALUES (92, 19, '人民政协、民主党派')
	INSERT INTO Direction2(Id, DirectionId, Name) VALUES (93, 19, '社会保障')
	INSERT INTO Direction2(Id, DirectionId, Name) VALUES (94, 19, '群众团体、社会团体和其他成员组织')
	INSERT INTO Direction2(Id, DirectionId, Name) VALUES (95, 19, '基层群众自治组织')
	INSERT INTO Direction2(Id, DirectionId, Name) VALUES (96, 20, '国际组织')
END

IF NOT EXISTS(SELECT * FROM DirectionMix) BEGIN
	INSERT INTO DirectionMix(Id, Name, Code) VALUES (1, '农业', '01')
	INSERT INTO DirectionMix(Id, Name, Code) VALUES (2, '中药材种植', '0170')
	INSERT INTO DirectionMix(Id, Name, Code) VALUES (3, '林木育种和育苗', '021')
	INSERT INTO DirectionMix(Id, Name, Code) VALUES (4, '畜牧业', '03')
	INSERT INTO DirectionMix(Id, Name, Code) VALUES (5, '渔业', '04')
	INSERT INTO DirectionMix(Id, Name, Code) VALUES (6, '其他农业服务', '0519')
	INSERT INTO DirectionMix(Id, Name, Code) VALUES (7, '其他林业服务', '0529')
	INSERT INTO DirectionMix(Id, Name, Code) VALUES (8, '畜牧服务业', '0530')
	INSERT INTO DirectionMix(Id, Name, Code) VALUES (9, '渔业服务业', '0540')
	INSERT INTO DirectionMix(Id, Name, Code) VALUES (10, '烟煤和无烟煤开采洗选', '0610')
	INSERT INTO DirectionMix(Id, Name, Code) VALUES (11, '褐煤开采洗选', '0620')
	INSERT INTO DirectionMix(Id, Name, Code) VALUES (12, '其他煤炭采选', '0690')
	INSERT INTO DirectionMix(Id, Name, Code) VALUES (13, '石油开采', '0710')
	INSERT INTO DirectionMix(Id, Name, Code) VALUES (14, '天然气开采', '0720')
	INSERT INTO DirectionMix(Id, Name, Code) VALUES (15, '铁矿采选', '0810')
	INSERT INTO DirectionMix(Id, Name, Code) VALUES (16, '锰矿、铬矿采选', '0820')
	INSERT INTO DirectionMix(Id, Name, Code) VALUES (17, '其他黑色金属矿采选', '0890')
	INSERT INTO DirectionMix(Id, Name, Code) VALUES (18, '常用有色金属矿采选', '091')
	INSERT INTO DirectionMix(Id, Name, Code) VALUES (19, '贵金属矿采选', '092')
	INSERT INTO DirectionMix(Id, Name, Code) VALUES (20, '钨钼矿采选', '0931')
	INSERT INTO DirectionMix(Id, Name, Code) VALUES (21, '稀土金属矿采选', '0932')
	INSERT INTO DirectionMix(Id, Name, Code) VALUES (22, '其他稀有金属矿采选', '0939')
	INSERT INTO DirectionMix(Id, Name, Code) VALUES (23, '石灰石、石膏开采', '1011')
	INSERT INTO DirectionMix(Id, Name, Code) VALUES (24, '耐火土石开采', '1013')
	INSERT INTO DirectionMix(Id, Name, Code) VALUES (25, '粘土及其他土砂石开采', '1019')
	INSERT INTO DirectionMix(Id, Name, Code) VALUES (26, '化学矿开采', '1020')
	INSERT INTO DirectionMix(Id, Name, Code) VALUES (27, '其他采矿业', '1200')
	INSERT INTO DirectionMix(Id, Name, Code) VALUES (28, '饲料加工', '1320')
	INSERT INTO DirectionMix(Id, Name, Code) VALUES (29, '水产饲料制造', '1363')
	INSERT INTO DirectionMix(Id, Name, Code) VALUES (30, '调味品、发酵制品制造', '146')
	INSERT INTO DirectionMix(Id, Name, Code) VALUES (31, '食品及饲料添加剂制造', '1495')
	INSERT INTO DirectionMix(Id, Name, Code) VALUES (32, '酒的制造', '151')
	INSERT INTO DirectionMix(Id, Name, Code) VALUES (33, '纺织业', '17')
	INSERT INTO DirectionMix(Id, Name, Code) VALUES (34, '棉印染精加工', '1713')
	INSERT INTO DirectionMix(Id, Name, Code) VALUES (35, '毛染整精加工', '1723')
	INSERT INTO DirectionMix(Id, Name, Code) VALUES (36, '麻染整精加工', '1733')
	INSERT INTO DirectionMix(Id, Name, Code) VALUES (37, '丝印染精加工', '1743')
	INSERT INTO DirectionMix(Id, Name, Code) VALUES (38, '化纤织物染整精加工', '1752')
	INSERT INTO DirectionMix(Id, Name, Code) VALUES (39, '皮革、毛皮、羽毛及其制品和制鞋业', '19')
	INSERT INTO DirectionMix(Id, Name, Code) VALUES (40, '皮革鞣制加工', '1910')
	INSERT INTO DirectionMix(Id, Name, Code) VALUES (41, '毛皮鞣制加工', '1931')
	INSERT INTO DirectionMix(Id, Name, Code) VALUES (42, '造纸和纸制品业', '22')
	INSERT INTO DirectionMix(Id, Name, Code) VALUES (43, '木竹浆制造', '2211')
	INSERT INTO DirectionMix(Id, Name, Code) VALUES (44, '非木竹浆制造', '2212')
	INSERT INTO DirectionMix(Id, Name, Code) VALUES (45, '书、报刊印刷', '2311')
	INSERT INTO DirectionMix(Id, Name, Code) VALUES (46, '乐器制造', '242')
	INSERT INTO DirectionMix(Id, Name, Code) VALUES (47, '工艺美术品制造', '243')
	INSERT INTO DirectionMix(Id, Name, Code) VALUES (48, '玩具制造', '2450')
	INSERT INTO DirectionMix(Id, Name, Code) VALUES (49, '游艺器材及娱乐用品制造', '246')
	INSERT INTO DirectionMix(Id, Name, Code) VALUES (50, '原油加工及石油制品制造', '2511')
	INSERT INTO DirectionMix(Id, Name, Code) VALUES (51, '人造原油制造', '2512')
	INSERT INTO DirectionMix(Id, Name, Code) VALUES (52, '炼焦', '2520')
	INSERT INTO DirectionMix(Id, Name, Code) VALUES (53, '核燃料加工', '2530')
	INSERT INTO DirectionMix(Id, Name, Code) VALUES (54, '无机酸制造', '2611')
	INSERT INTO DirectionMix(Id, Name, Code) VALUES (55, '无机碱制造', '2612')
	INSERT INTO DirectionMix(Id, Name, Code) VALUES (56, '无机盐制造', '2613')
	INSERT INTO DirectionMix(Id, Name, Code) VALUES (57, '有机化学原料制造', '2614')
	INSERT INTO DirectionMix(Id, Name, Code) VALUES (58, '其他基础化学原料制造', '2619')
	INSERT INTO DirectionMix(Id, Name, Code) VALUES (59, '肥料制造', '262')
	INSERT INTO DirectionMix(Id, Name, Code) VALUES (60, '有机肥料及微生物肥料制造', '2625')
	INSERT INTO DirectionMix(Id, Name, Code) VALUES (61, '化学农药制造', '2631')
	INSERT INTO DirectionMix(Id, Name, Code) VALUES (62, '生物化学农药及微生物农药制造', '2632')
	INSERT INTO DirectionMix(Id, Name, Code) VALUES (63, '涂料制造', '2641')
	INSERT INTO DirectionMix(Id, Name, Code) VALUES (64, '油墨及类似产品制造', '2642')
	INSERT INTO DirectionMix(Id, Name, Code) VALUES (65, '颜料制造', '2643')
	INSERT INTO DirectionMix(Id, Name, Code) VALUES (66, '染料制造', '2644')
	INSERT INTO DirectionMix(Id, Name, Code) VALUES (67, '密封用填料及类似品制造', '2645')
	INSERT INTO DirectionMix(Id, Name, Code) VALUES (68, '初级形态塑料及合成树脂制造', '2651')
	INSERT INTO DirectionMix(Id, Name, Code) VALUES (69, '合成橡胶制造', '2652')
	INSERT INTO DirectionMix(Id, Name, Code) VALUES (70, '合成纤维单（聚合）体制造', '2653')
	INSERT INTO DirectionMix(Id, Name, Code) VALUES (71, '其他合成材料制造', '2659')
	INSERT INTO DirectionMix(Id, Name, Code) VALUES (72, '化学试剂和助剂制造', '2661')
	INSERT INTO DirectionMix(Id, Name, Code) VALUES (73, '专项化学用品制造', '2662')
	INSERT INTO DirectionMix(Id, Name, Code) VALUES (74, '林产化学产品制造', '2663')
	INSERT INTO DirectionMix(Id, Name, Code) VALUES (75, '信息化学品制造', '2664')
	INSERT INTO DirectionMix(Id, Name, Code) VALUES (76, '环境污染处理专用药剂材料制造', '2665')
	INSERT INTO DirectionMix(Id, Name, Code) VALUES (77, '动物胶制造', '2666')
	INSERT INTO DirectionMix(Id, Name, Code) VALUES (78, '其他专用化学产品制造', '2669')
	INSERT INTO DirectionMix(Id, Name, Code) VALUES (79, '炸药、火工及焰火产品制造', '267')
	INSERT INTO DirectionMix(Id, Name, Code) VALUES (80, '日用化学产品制造', '268')
	INSERT INTO DirectionMix(Id, Name, Code) VALUES (81, '香料、香精制造', '2684')
	INSERT INTO DirectionMix(Id, Name, Code) VALUES (82, '化学药品原料药制造', '2710')
	INSERT INTO DirectionMix(Id, Name, Code) VALUES (83, '化学药品制剂制造', '2720')
	INSERT INTO DirectionMix(Id, Name, Code) VALUES (84, '中药饮片加工', '2730')
	INSERT INTO DirectionMix(Id, Name, Code) VALUES (85, '中成药生产', '2740')
	INSERT INTO DirectionMix(Id, Name, Code) VALUES (86, '兽用药品制造', '2750')
	INSERT INTO DirectionMix(Id, Name, Code) VALUES (87, '生物药品制造', '2760')
	INSERT INTO DirectionMix(Id, Name, Code) VALUES (88, '卫生材料及医药用品制造', '2770')
	INSERT INTO DirectionMix(Id, Name, Code) VALUES (89, '纤维素纤维原料及纤维制造', '281')
	INSERT INTO DirectionMix(Id, Name, Code) VALUES (90, '合成纤维制造', '282')
	INSERT INTO DirectionMix(Id, Name, Code) VALUES (91, '橡胶制品业', '291')
	INSERT INTO DirectionMix(Id, Name, Code) VALUES (92, '再生橡胶制造', '2914')
	INSERT INTO DirectionMix(Id, Name, Code) VALUES (93, '塑料薄膜制造', '2921')
	INSERT INTO DirectionMix(Id, Name, Code) VALUES (94, '塑料板、管、型材制造', '2922')
	INSERT INTO DirectionMix(Id, Name, Code) VALUES (95, '塑料丝、绳及编织品制造', '2923')
	INSERT INTO DirectionMix(Id, Name, Code) VALUES (96, '泡沫塑料制造', '2924')
	INSERT INTO DirectionMix(Id, Name, Code) VALUES (97, '塑料人造革、合成革制造', '2925')
	INSERT INTO DirectionMix(Id, Name, Code) VALUES (98, '塑料包装箱及容器制造', '2926')
	INSERT INTO DirectionMix(Id, Name, Code) VALUES (99, '日用塑料制品制造', '2927')
	INSERT INTO DirectionMix(Id, Name, Code) VALUES (100, '塑料零件制造', '2928')
	INSERT INTO DirectionMix(Id, Name, Code) VALUES (101, '其他塑料制品制造', '2929')
	INSERT INTO DirectionMix(Id, Name, Code) VALUES (102, '水泥制造', '3011')
	INSERT INTO DirectionMix(Id, Name, Code) VALUES (103, '石灰和石膏制造', '3012')
	INSERT INTO DirectionMix(Id, Name, Code) VALUES (104, '水泥制品制造', '3021')
	INSERT INTO DirectionMix(Id, Name, Code) VALUES (105, '砼结构构件制造', '3022')
	INSERT INTO DirectionMix(Id, Name, Code) VALUES (106, '石棉水泥制品制造', '3023')
	INSERT INTO DirectionMix(Id, Name, Code) VALUES (107, '轻质建筑材料制造', '3024')
	INSERT INTO DirectionMix(Id, Name, Code) VALUES (108, '其他水泥类似制品制造', '3029')
	INSERT INTO DirectionMix(Id, Name, Code) VALUES (109, '粘土砖瓦及建筑砌块制造', '3031')
	INSERT INTO DirectionMix(Id, Name, Code) VALUES (110, '建筑陶瓷制品制造', '3032')
	INSERT INTO DirectionMix(Id, Name, Code) VALUES (111, '建筑用石加工', '3033')
	INSERT INTO DirectionMix(Id, Name, Code) VALUES (112, '防水建筑材料制造', '3034')
	INSERT INTO DirectionMix(Id, Name, Code) VALUES (113, '隔热和隔音材料制造', '3035')
	INSERT INTO DirectionMix(Id, Name, Code) VALUES (114, '其他建筑材料制造', '3039')
	INSERT INTO DirectionMix(Id, Name, Code) VALUES (115, '平板玻璃制造', '3041')
	INSERT INTO DirectionMix(Id, Name, Code) VALUES (116, '其他玻璃制造', '3049')
	INSERT INTO DirectionMix(Id, Name, Code) VALUES (117, '玻璃制品制造', '305')
	INSERT INTO DirectionMix(Id, Name, Code) VALUES (118, '技术玻璃制品制造', '3051')
	INSERT INTO DirectionMix(Id, Name, Code) VALUES (119, '玻璃纤维和玻璃纤维增强塑料制品制造', '306')
	INSERT INTO DirectionMix(Id, Name, Code) VALUES (120, '陶瓷制品制造', '307')
	INSERT INTO DirectionMix(Id, Name, Code) VALUES (121, '特种陶瓷制品制造', '3072')
	INSERT INTO DirectionMix(Id, Name, Code) VALUES (122, '耐火材料制品制造', '308')
	INSERT INTO DirectionMix(Id, Name, Code) VALUES (123, '石墨及碳素制品制造', '3091')
	INSERT INTO DirectionMix(Id, Name, Code) VALUES (124, '其他非金属矿物制品制造', '3099')
	INSERT INTO DirectionMix(Id, Name, Code) VALUES (125, '炼铁', '3110')
	INSERT INTO DirectionMix(Id, Name, Code) VALUES (126, '炼钢', '3120')
	INSERT INTO DirectionMix(Id, Name, Code) VALUES (127, '黑色金属铸造', '3130')
	INSERT INTO DirectionMix(Id, Name, Code) VALUES (128, '钢压延加工', '3140')
	INSERT INTO DirectionMix(Id, Name, Code) VALUES (129, '铁合金冶炼', '3150')
	INSERT INTO DirectionMix(Id, Name, Code) VALUES (130, '常用有色金属冶炼', '321')
	INSERT INTO DirectionMix(Id, Name, Code) VALUES (131, '铝冶炼', '3216')
	INSERT INTO DirectionMix(Id, Name, Code) VALUES (132, '原铝（电解铝）', '32162')
	INSERT INTO DirectionMix(Id, Name, Code) VALUES (133, '贵金属冶炼', '322')
	INSERT INTO DirectionMix(Id, Name, Code) VALUES (134, '钨钼冶炼', '3231')
	INSERT INTO DirectionMix(Id, Name, Code) VALUES (135, '稀土金属冶炼', '3232')
	INSERT INTO DirectionMix(Id, Name, Code) VALUES (136, '其他稀有金属冶炼', '3239')
	INSERT INTO DirectionMix(Id, Name, Code) VALUES (137, '有色金属合金制造', '3240')
	INSERT INTO DirectionMix(Id, Name, Code) VALUES (138, '有色金属铸造', '3250')
	INSERT INTO DirectionMix(Id, Name, Code) VALUES (139, '有色金属压延加工', '326')
	INSERT INTO DirectionMix(Id, Name, Code) VALUES (140, '金属结构制造', '3311')
	INSERT INTO DirectionMix(Id, Name, Code) VALUES (141, '切削工具制造', '3321')
	INSERT INTO DirectionMix(Id, Name, Code) VALUES (142, '金属丝绳及其制品制造', '3340')
	INSERT INTO DirectionMix(Id, Name, Code) VALUES (143, '金属表面处理及热处理加工', '3360')
	INSERT INTO DirectionMix(Id, Name, Code) VALUES (144, '其他金属制日用品制造', '3389')
	INSERT INTO DirectionMix(Id, Name, Code) VALUES (145, '锻件及粉末冶金制品制造', '3391')
	INSERT INTO DirectionMix(Id, Name, Code) VALUES (146, '其他未列明金属制品制造', '3399')
	INSERT INTO DirectionMix(Id, Name, Code) VALUES (147, '锅炉及辅助设备制造', '3411')
	INSERT INTO DirectionMix(Id, Name, Code) VALUES (148, '内燃机及配件制造', '3412')
	INSERT INTO DirectionMix(Id, Name, Code) VALUES (149, '风能原动设备制造', '3415')
	INSERT INTO DirectionMix(Id, Name, Code) VALUES (150, '其他原动设备制造', '3419')
	INSERT INTO DirectionMix(Id, Name, Code) VALUES (151, '金属加工机械制造', '342')
	INSERT INTO DirectionMix(Id, Name, Code) VALUES (152, '金属切削机床制造', '3421')
	INSERT INTO DirectionMix(Id, Name, Code) VALUES (153, '金属成形机床制造', '3422')
	INSERT INTO DirectionMix(Id, Name, Code) VALUES (154, '机床附件制造', '3425')
	INSERT INTO DirectionMix(Id, Name, Code) VALUES (155, '其他金属加工机械制造', '3429')
	INSERT INTO DirectionMix(Id, Name, Code) VALUES (156, '物料搬运设备制造', '343')
	INSERT INTO DirectionMix(Id, Name, Code) VALUES (157, '连续搬运设备制造', '3434')
	INSERT INTO DirectionMix(Id, Name, Code) VALUES (158, '泵及真空设备制造', '3441')
	INSERT INTO DirectionMix(Id, Name, Code) VALUES (159, '气体压缩机械制造', '3442')
	INSERT INTO DirectionMix(Id, Name, Code) VALUES (160, '液压和气压动力机械及元件制造', '3444')
	INSERT INTO DirectionMix(Id, Name, Code) VALUES (161, '轴承制造', '3451')
	INSERT INTO DirectionMix(Id, Name, Code) VALUES (162, '齿轮及齿轮减、变速箱制造', '3452')
	INSERT INTO DirectionMix(Id, Name, Code) VALUES (163, '烘炉、熔炉及电炉制造', '3461')
	INSERT INTO DirectionMix(Id, Name, Code) VALUES (164, '风机、风扇制造', '3462')
	INSERT INTO DirectionMix(Id, Name, Code) VALUES (165, '气体、液体分离及纯净设备制造', '3463')
	INSERT INTO DirectionMix(Id, Name, Code) VALUES (166, '制冷、空调设备制造', '3464')
	INSERT INTO DirectionMix(Id, Name, Code) VALUES (167, '电影机械制造', '3471')
	INSERT INTO DirectionMix(Id, Name, Code) VALUES (168, '照相机及器材制造', '3473')
	INSERT INTO DirectionMix(Id, Name, Code) VALUES (169, '复印和胶印设备制造', '3474')
	INSERT INTO DirectionMix(Id, Name, Code) VALUES (170, '通用零部件制造', '348')
	INSERT INTO DirectionMix(Id, Name, Code) VALUES (171, '机械零部件加工', '3484')
	INSERT INTO DirectionMix(Id, Name, Code) VALUES (172, '其他通用零部件制造', '3489')
	INSERT INTO DirectionMix(Id, Name, Code) VALUES (173, '其他通用设备制造业', '3490')
	INSERT INTO DirectionMix(Id, Name, Code) VALUES (174, '矿山机械制造', '3511')
	INSERT INTO DirectionMix(Id, Name, Code) VALUES (175, '石油钻采专用设备制造', '3512')
	INSERT INTO DirectionMix(Id, Name, Code) VALUES (176, '海洋工程专用设备制造', '3514')
	INSERT INTO DirectionMix(Id, Name, Code) VALUES (177, '建筑材料生产专用机械制造', '3515')
	INSERT INTO DirectionMix(Id, Name, Code) VALUES (178, '冶金专用设备制造', '3516')
	INSERT INTO DirectionMix(Id, Name, Code) VALUES (179, '炼油、化工生产专用设备制造', '3521')
	INSERT INTO DirectionMix(Id, Name, Code) VALUES (180, '食品、酒、饮料及茶生产专用设备制造', '3531')
	INSERT INTO DirectionMix(Id, Name, Code) VALUES (181, '农副食品加工专用设备制造', '3532')
	INSERT INTO DirectionMix(Id, Name, Code) VALUES (182, '印刷专用设备制造', '3542')
	INSERT INTO DirectionMix(Id, Name, Code) VALUES (183, '玻璃、陶瓷和搪瓷制品生产专用设备制造', '3546')
	INSERT INTO DirectionMix(Id, Name, Code) VALUES (184, '电子工业专用设备制造', '3562')
	INSERT INTO DirectionMix(Id, Name, Code) VALUES (185, '机械化农业及园艺机具制造', '3572')
	INSERT INTO DirectionMix(Id, Name, Code) VALUES (186, '医疗诊断、监护及治疗设备制造', '3581')
	INSERT INTO DirectionMix(Id, Name, Code) VALUES (187, '口腔科用设备及器具制造', '3582')
	INSERT INTO DirectionMix(Id, Name, Code) VALUES (188, '医疗实验室及医用消毒设备和器具制造', '3583')
	INSERT INTO DirectionMix(Id, Name, Code) VALUES (189, '医疗、外科及兽医用器械制造', '3584')
	INSERT INTO DirectionMix(Id, Name, Code) VALUES (190, '机械治疗及病房护理设备制造', '3585')
	INSERT INTO DirectionMix(Id, Name, Code) VALUES (191, '假肢、人工器官及植（介）入器械制造', '3586')
	INSERT INTO DirectionMix(Id, Name, Code) VALUES (192, '其他医疗设备及器械制造', '3589')
	INSERT INTO DirectionMix(Id, Name, Code) VALUES (193, '环境保护专用设备制造', '3591')
	INSERT INTO DirectionMix(Id, Name, Code) VALUES (194, '交通安全、管制及类似专用设备制造', '3596')
	INSERT INTO DirectionMix(Id, Name, Code) VALUES (195, '水资源专用机械制造', '3597')
	INSERT INTO DirectionMix(Id, Name, Code) VALUES (196, '其他专用设备制造', '3599')
	INSERT INTO DirectionMix(Id, Name, Code) VALUES (197, '汽车整车制造', '3610')
	INSERT INTO DirectionMix(Id, Name, Code) VALUES (198, '电车制造', '3640')
	INSERT INTO DirectionMix(Id, Name, Code) VALUES (199, '汽车零部件及配件制造', '3660')
	INSERT INTO DirectionMix(Id, Name, Code) VALUES (200, '铁路机车车辆及动车组制造', '3711')
	INSERT INTO DirectionMix(Id, Name, Code) VALUES (201, '铁路机车车辆配件制造', '3713')
	INSERT INTO DirectionMix(Id, Name, Code) VALUES (202, '铁路专用设备及器材、配件制造', '3714')
	INSERT INTO DirectionMix(Id, Name, Code) VALUES (203, '城市轨道交通设备制造', '3720')
	INSERT INTO DirectionMix(Id, Name, Code) VALUES (204, '金属船舶制造', '3731')
	INSERT INTO DirectionMix(Id, Name, Code) VALUES (205, '非金属船舶制造', '3732')
	INSERT INTO DirectionMix(Id, Name, Code) VALUES (206, '娱乐船和运动船制造', '3733')
	INSERT INTO DirectionMix(Id, Name, Code) VALUES (207, '船用配套设备制造', '3734')
	INSERT INTO DirectionMix(Id, Name, Code) VALUES (208, '船舶改装与拆除', '3735')
	INSERT INTO DirectionMix(Id, Name, Code) VALUES (209, '航标器材及其他相关装置制造', '3739')
	INSERT INTO DirectionMix(Id, Name, Code) VALUES (210, '飞机制造', '3741')
	INSERT INTO DirectionMix(Id, Name, Code) VALUES (211, '航天器制造', '3742')
	INSERT INTO DirectionMix(Id, Name, Code) VALUES (212, '航空、航天相关设备制造', '3743')
	INSERT INTO DirectionMix(Id, Name, Code) VALUES (213, '其他航空航天器制造', '3749')
	INSERT INTO DirectionMix(Id, Name, Code) VALUES (214, '发电机及发电机组制造', '3811')
	INSERT INTO DirectionMix(Id, Name, Code) VALUES (215, '电动机制造', '3812')
	INSERT INTO DirectionMix(Id, Name, Code) VALUES (216, '变压器、整流器和电感器制造', '3821')
	INSERT INTO DirectionMix(Id, Name, Code) VALUES (217, '配电开关控制设备制造', '3823')
	INSERT INTO DirectionMix(Id, Name, Code) VALUES (218, '电力电子元器件制造', '3824')
	INSERT INTO DirectionMix(Id, Name, Code) VALUES (219, '光伏设备及元器件制造', '3825')
	INSERT INTO DirectionMix(Id, Name, Code) VALUES (220, '其他输配电及控制设备制造', '3829')
	INSERT INTO DirectionMix(Id, Name, Code) VALUES (221, '光纤、光缆制造', '3832')
	INSERT INTO DirectionMix(Id, Name, Code) VALUES (222, '其他电工器材制造', '3839')
	INSERT INTO DirectionMix(Id, Name, Code) VALUES (223, '锂离子电池制造', '3841')
	INSERT INTO DirectionMix(Id, Name, Code) VALUES (224, '镍氢电池制造', '3842')
	INSERT INTO DirectionMix(Id, Name, Code) VALUES (225, '其他电池制造', '3849')
	INSERT INTO DirectionMix(Id, Name, Code) VALUES (226, '燃气、太阳能及类似能源家用器具制造', '3861')
	INSERT INTO DirectionMix(Id, Name, Code) VALUES (227, '电光源制造', '3871')
	INSERT INTO DirectionMix(Id, Name, Code) VALUES (228, '电气信号设备装置制造', '3891')
	INSERT INTO DirectionMix(Id, Name, Code) VALUES (229, '其他未列明电气机械及器材制造', '3899')
	INSERT INTO DirectionMix(Id, Name, Code) VALUES (230, '计算机整机制造', '3911')
	INSERT INTO DirectionMix(Id, Name, Code) VALUES (231, '计算机零部件制造', '3912')
	INSERT INTO DirectionMix(Id, Name, Code) VALUES (232, '计算机外围设备制造', '3913')
	INSERT INTO DirectionMix(Id, Name, Code) VALUES (233, '其他计算机制造', '3919')
	INSERT INTO DirectionMix(Id, Name, Code) VALUES (234, '通信系统设备制造', '3921')
	INSERT INTO DirectionMix(Id, Name, Code) VALUES (235, '通信终端设备制造', '3922')
	INSERT INTO DirectionMix(Id, Name, Code) VALUES (236, '广播电视设备制造', '393')
	INSERT INTO DirectionMix(Id, Name, Code) VALUES (237, '广播电视节目制作及发射设备制造', '3931')
	INSERT INTO DirectionMix(Id, Name, Code) VALUES (238, '广播电视接收设备及器材制造', '3932')
	INSERT INTO DirectionMix(Id, Name, Code) VALUES (239, '雷达及配套设备制造', '3940')
	INSERT INTO DirectionMix(Id, Name, Code) VALUES (240, '电视机制造', '3951')
	INSERT INTO DirectionMix(Id, Name, Code) VALUES (241, '音响设备制造', '3952')
	INSERT INTO DirectionMix(Id, Name, Code) VALUES (242, '影视录放设备制造', '3953')
	INSERT INTO DirectionMix(Id, Name, Code) VALUES (243, '半导体分立器件制造', '3962')
	INSERT INTO DirectionMix(Id, Name, Code) VALUES (244, '集成电路制造', '3963')
	INSERT INTO DirectionMix(Id, Name, Code) VALUES (245, '光电子器件及其他电子器件制造', '3969')
	INSERT INTO DirectionMix(Id, Name, Code) VALUES (246, '电子元件及组件制造', '3971')
	INSERT INTO DirectionMix(Id, Name, Code) VALUES (247, '其他电子设备制造', '3990')
	INSERT INTO DirectionMix(Id, Name, Code) VALUES (248, '工业自动控制系统装置制造', '4011')
	INSERT INTO DirectionMix(Id, Name, Code) VALUES (249, '电工仪器仪表制造', '4012')
	INSERT INTO DirectionMix(Id, Name, Code) VALUES (250, '实验分析仪器制造', '4014')
	INSERT INTO DirectionMix(Id, Name, Code) VALUES (251, '试验机制造', '4015')
	INSERT INTO DirectionMix(Id, Name, Code) VALUES (252, '供应用仪表及其他通用仪器制造', '4019')
	INSERT INTO DirectionMix(Id, Name, Code) VALUES (253, '专用仪器仪表制造', '402')
	INSERT INTO DirectionMix(Id, Name, Code) VALUES (254, '环境监测专用仪器仪表制造', '4021')
	INSERT INTO DirectionMix(Id, Name, Code) VALUES (255, '导航、气象及海洋专用仪器制造', '4023')
	INSERT INTO DirectionMix(Id, Name, Code) VALUES (256, '农林牧渔专用仪器仪表制造', '4024')
	INSERT INTO DirectionMix(Id, Name, Code) VALUES (257, '核子及核辐射测量仪器制造', '4027')
	INSERT INTO DirectionMix(Id, Name, Code) VALUES (258, '电子测量仪器制造', '4028')
	INSERT INTO DirectionMix(Id, Name, Code) VALUES (259, '钟表与计时仪器制造', '4030')
	INSERT INTO DirectionMix(Id, Name, Code) VALUES (260, '光学仪器制造', '4041')
	INSERT INTO DirectionMix(Id, Name, Code) VALUES (261, '金属废料和碎屑加工处理', '4210')
	INSERT INTO DirectionMix(Id, Name, Code) VALUES (262, '非金属废料和碎屑加工处理', '4220')
	INSERT INTO DirectionMix(Id, Name, Code) VALUES (263, '专用设备修理', '4330')
	INSERT INTO DirectionMix(Id, Name, Code) VALUES (264, '铁路运输设备修理', '4341')
	INSERT INTO DirectionMix(Id, Name, Code) VALUES (265, '船舶修理', '4342')
	INSERT INTO DirectionMix(Id, Name, Code) VALUES (266, '航空航天器修理', '4343')
	INSERT INTO DirectionMix(Id, Name, Code) VALUES (267, '火力发电', '4411')
	INSERT INTO DirectionMix(Id, Name, Code) VALUES (268, '水力发电', '4412')
	INSERT INTO DirectionMix(Id, Name, Code) VALUES (269, '核力发电', '4413')
	INSERT INTO DirectionMix(Id, Name, Code) VALUES (270, '风力发电', '4414')
	INSERT INTO DirectionMix(Id, Name, Code) VALUES (271, '太阳能发电', '4415')
	INSERT INTO DirectionMix(Id, Name, Code) VALUES (272, '其他电力生产', '4419')
	INSERT INTO DirectionMix(Id, Name, Code) VALUES (273, '电力供应', '4420')
	INSERT INTO DirectionMix(Id, Name, Code) VALUES (274, '热力生产和供应业', '4430')
	INSERT INTO DirectionMix(Id, Name, Code) VALUES (275, '污水处理及其再生利用', '4620')
	INSERT INTO DirectionMix(Id, Name, Code) VALUES (276, '其他水的处理、利用与分配', '4690')
	INSERT INTO DirectionMix(Id, Name, Code) VALUES (277, '房屋建筑业', '4700')
	INSERT INTO DirectionMix(Id, Name, Code) VALUES (278, '铁路工程建筑', '4811')
	INSERT INTO DirectionMix(Id, Name, Code) VALUES (279, '公路工程建筑', '4812')
	INSERT INTO DirectionMix(Id, Name, Code) VALUES (280, '市政道路工程建筑', '4813')
	INSERT INTO DirectionMix(Id, Name, Code) VALUES (281, '其他道路、隧道和桥梁工程建筑', '4819')
	INSERT INTO DirectionMix(Id, Name, Code) VALUES (282, '水源及供水设施工程建筑', '4821')
	INSERT INTO DirectionMix(Id, Name, Code) VALUES (283, '河湖治理及防洪设施工程建筑', '4822')
	INSERT INTO DirectionMix(Id, Name, Code) VALUES (284, '港口及航运设施工程建筑', '4823')
	INSERT INTO DirectionMix(Id, Name, Code) VALUES (285, '海洋工程建筑', '4830')
	INSERT INTO DirectionMix(Id, Name, Code) VALUES (286, '工矿工程建筑', '4840')
	INSERT INTO DirectionMix(Id, Name, Code) VALUES (287, '架线及设备工程建筑', '4851')
	INSERT INTO DirectionMix(Id, Name, Code) VALUES (288, '管道工程建筑', '4852')
	INSERT INTO DirectionMix(Id, Name, Code) VALUES (289, '其他土木工程建筑', '4890')
	INSERT INTO DirectionMix(Id, Name, Code) VALUES (290, '图书批发', '5143')
	INSERT INTO DirectionMix(Id, Name, Code) VALUES (291, '报刊批发', '5144')
	INSERT INTO DirectionMix(Id, Name, Code) VALUES (292, '音像制品及电子出版物批发', '5145')
	INSERT INTO DirectionMix(Id, Name, Code) VALUES (293, '首饰、工艺品及收藏品批发', '5146')
	INSERT INTO DirectionMix(Id, Name, Code) VALUES (294, '其他文化用品批发', '5149')
	INSERT INTO DirectionMix(Id, Name, Code) VALUES (295, '再生物资回收与批发', '5191')
	INSERT INTO DirectionMix(Id, Name, Code) VALUES (296, '图书、报刊零售', '5243')
	INSERT INTO DirectionMix(Id, Name, Code) VALUES (297, '音像制品及电子出版物零售', '5244')
	INSERT INTO DirectionMix(Id, Name, Code) VALUES (298, '工艺美术品及收藏品零售', '5246')
	INSERT INTO DirectionMix(Id, Name, Code) VALUES (299, '其他文化用品零售', '5249')
	INSERT INTO DirectionMix(Id, Name, Code) VALUES (300, '铁路旅客运输', '5310')
	INSERT INTO DirectionMix(Id, Name, Code) VALUES (301, '铁路货物运输', '5320')
	INSERT INTO DirectionMix(Id, Name, Code) VALUES (302, '铁路运输辅助活动', '533')
	INSERT INTO DirectionMix(Id, Name, Code) VALUES (303, '城市轨道交通', '5412')
	INSERT INTO DirectionMix(Id, Name, Code) VALUES (304, '公路旅客运输', '5420')
	INSERT INTO DirectionMix(Id, Name, Code) VALUES (305, '道路货物运输', '5430')
	INSERT INTO DirectionMix(Id, Name, Code) VALUES (306, '公路管理与养护', '5442')
	INSERT INTO DirectionMix(Id, Name, Code) VALUES (307, '水上旅客运输', '551')
	INSERT INTO DirectionMix(Id, Name, Code) VALUES (308, '远洋货物运输', '5521')
	INSERT INTO DirectionMix(Id, Name, Code) VALUES (309, '客运港口', '5531')
	INSERT INTO DirectionMix(Id, Name, Code) VALUES (310, '货运港口', '5532')
	INSERT INTO DirectionMix(Id, Name, Code) VALUES (311, '航空旅客运输', '5611')
	INSERT INTO DirectionMix(Id, Name, Code) VALUES (312, '航空货物运输', '5612')
	INSERT INTO DirectionMix(Id, Name, Code) VALUES (313, '机场', '5631')
	INSERT INTO DirectionMix(Id, Name, Code) VALUES (314, '移动电信服务', '6312')
	INSERT INTO DirectionMix(Id, Name, Code) VALUES (315, '其他电信服务', '6319')
	INSERT INTO DirectionMix(Id, Name, Code) VALUES (316, '有线广播电视传输服务', '6321')
	INSERT INTO DirectionMix(Id, Name, Code) VALUES (317, '无线广播电视传输服务', '6322')
	INSERT INTO DirectionMix(Id, Name, Code) VALUES (318, '卫星传输服务', '6330')
	INSERT INTO DirectionMix(Id, Name, Code) VALUES (319, '互联网接入及相关服务', '6410')
	INSERT INTO DirectionMix(Id, Name, Code) VALUES (320, '互联网信息服务', '6420')
	INSERT INTO DirectionMix(Id, Name, Code) VALUES (321, '其他互联网服务', '6490')
	INSERT INTO DirectionMix(Id, Name, Code) VALUES (322, '软件开发', '6510')
	INSERT INTO DirectionMix(Id, Name, Code) VALUES (323, '信息系统集成服务', '6520')
	INSERT INTO DirectionMix(Id, Name, Code) VALUES (324, '信息技术咨询服务', '6530')
	INSERT INTO DirectionMix(Id, Name, Code) VALUES (325, '数据处理和存储服务', '6540')
	INSERT INTO DirectionMix(Id, Name, Code) VALUES (326, '集成电路设计', '6550')
	INSERT INTO DirectionMix(Id, Name, Code) VALUES (327, '数字内容服务', '6591')
	INSERT INTO DirectionMix(Id, Name, Code) VALUES (328, '呼叫中心', '6592')
	INSERT INTO DirectionMix(Id, Name, Code) VALUES (329, '非金融机构支付服务', '6930')
	INSERT INTO DirectionMix(Id, Name, Code) VALUES (330, '图书出租', '7122')
	INSERT INTO DirectionMix(Id, Name, Code) VALUES (331, '音像制品出租', '7123')
	INSERT INTO DirectionMix(Id, Name, Code) VALUES (332, '其他专业咨询', '7239')
	INSERT INTO DirectionMix(Id, Name, Code) VALUES (333, '广告业', '7240')
	INSERT INTO DirectionMix(Id, Name, Code) VALUES (334, '旅行社服务', '7271')
	INSERT INTO DirectionMix(Id, Name, Code) VALUES (335, '会议及展览服务', '7292')
	INSERT INTO DirectionMix(Id, Name, Code) VALUES (336, '包装服务', '7293')
	INSERT INTO DirectionMix(Id, Name, Code) VALUES (337, '自然科学研究和试验发展', '7310')
	INSERT INTO DirectionMix(Id, Name, Code) VALUES (338, '工程和技术研究和试验发展', '7320')
	INSERT INTO DirectionMix(Id, Name, Code) VALUES (339, '农业科学研究和试验发展', '7330')
	INSERT INTO DirectionMix(Id, Name, Code) VALUES (340, '医学研究和试验发展', '7340')
	INSERT INTO DirectionMix(Id, Name, Code) VALUES (341, '海洋服务', '7430')
	INSERT INTO DirectionMix(Id, Name, Code) VALUES (342, '质检技术服务', '7450')
	INSERT INTO DirectionMix(Id, Name, Code) VALUES (343, '环境保护监测', '7461')
	INSERT INTO DirectionMix(Id, Name, Code) VALUES (344, '生态监测', '7462')
	INSERT INTO DirectionMix(Id, Name, Code) VALUES (345, '工程管理服务', '7481')
	INSERT INTO DirectionMix(Id, Name, Code) VALUES (346, '工程勘察设计', '7482')
	INSERT INTO DirectionMix(Id, Name, Code) VALUES (347, '专业化设计服务', '7491')
	INSERT INTO DirectionMix(Id, Name, Code) VALUES (348, '农业技术推广服务', '7511')
	INSERT INTO DirectionMix(Id, Name, Code) VALUES (349, '生物技术推广服务', '7512')
	INSERT INTO DirectionMix(Id, Name, Code) VALUES (350, '新材料技术推广服务', '7513')
	INSERT INTO DirectionMix(Id, Name, Code) VALUES (351, '节能技术推广服务', '7514')
	INSERT INTO DirectionMix(Id, Name, Code) VALUES (352, '其他技术推广服务', '7519')
	INSERT INTO DirectionMix(Id, Name, Code) VALUES (353, '科技中介服务', '7520')
	INSERT INTO DirectionMix(Id, Name, Code) VALUES (354, '水资源管理', '7620')
	INSERT INTO DirectionMix(Id, Name, Code) VALUES (355, '天然水收集与分配', '7630')
	INSERT INTO DirectionMix(Id, Name, Code) VALUES (356, '其他水利管理业', '7690')
	INSERT INTO DirectionMix(Id, Name, Code) VALUES (357, '其他自然保护', '7719')
	INSERT INTO DirectionMix(Id, Name, Code) VALUES (358, '水污染治理', '7721')
	INSERT INTO DirectionMix(Id, Name, Code) VALUES (359, '大气污染治理', '7722')
	INSERT INTO DirectionMix(Id, Name, Code) VALUES (360, '固体废物治理', '7723')
	INSERT INTO DirectionMix(Id, Name, Code) VALUES (361, '危险废物治理', '7724')
	INSERT INTO DirectionMix(Id, Name, Code) VALUES (362, '放射性废物治理', '7725')
	INSERT INTO DirectionMix(Id, Name, Code) VALUES (363, '其他污染治理', '7729')
	INSERT INTO DirectionMix(Id, Name, Code) VALUES (364, '市政设施管理', '7810')
	INSERT INTO DirectionMix(Id, Name, Code) VALUES (365, '环境卫生管理', '7820')
	INSERT INTO DirectionMix(Id, Name, Code) VALUES (366, '公园管理', '7851')
	INSERT INTO DirectionMix(Id, Name, Code) VALUES (367, '游览景区管理', '7852')
	INSERT INTO DirectionMix(Id, Name, Code) VALUES (368, '文化艺术培训', '8293')
	INSERT INTO DirectionMix(Id, Name, Code) VALUES (369, '医院', '831')
	INSERT INTO DirectionMix(Id, Name, Code) VALUES (370, '新闻业', '8510')
	INSERT INTO DirectionMix(Id, Name, Code) VALUES (371, '图书出版', '8521')
	INSERT INTO DirectionMix(Id, Name, Code) VALUES (372, '报纸出版', '8522')
	INSERT INTO DirectionMix(Id, Name, Code) VALUES (373, '期刊出版', '8523')
	INSERT INTO DirectionMix(Id, Name, Code) VALUES (374, '音像制品出版', '8524')
	INSERT INTO DirectionMix(Id, Name, Code) VALUES (375, '电子出版物出版', '8525')
	INSERT INTO DirectionMix(Id, Name, Code) VALUES (376, '其他出版业', '8529')
	INSERT INTO DirectionMix(Id, Name, Code) VALUES (377, '广播', '8610')
	INSERT INTO DirectionMix(Id, Name, Code) VALUES (378, '电视', '8620')
	INSERT INTO DirectionMix(Id, Name, Code) VALUES (379, '电影和影视节目制作', '8630')
	INSERT INTO DirectionMix(Id, Name, Code) VALUES (380, '电影和影视节目发行', '8640')
	INSERT INTO DirectionMix(Id, Name, Code) VALUES (381, '电影放映', '8650')
	INSERT INTO DirectionMix(Id, Name, Code) VALUES (382, '录音制作', '8660')
	INSERT INTO DirectionMix(Id, Name, Code) VALUES (383, '文艺创作与表演', '8710')
	INSERT INTO DirectionMix(Id, Name, Code) VALUES (384, '艺术表演场馆', '8720')
	INSERT INTO DirectionMix(Id, Name, Code) VALUES (385, '图书馆', '8731')
	INSERT INTO DirectionMix(Id, Name, Code) VALUES (386, '档案馆', '8732')
	INSERT INTO DirectionMix(Id, Name, Code) VALUES (387, '文物及非物质文化遗产保护', '8740')
	INSERT INTO DirectionMix(Id, Name, Code) VALUES (388, '博物馆', '8750')
	INSERT INTO DirectionMix(Id, Name, Code) VALUES (389, '烈士陵园、纪念馆', '8760')
	INSERT INTO DirectionMix(Id, Name, Code) VALUES (390, '群众文化活动', '8770')
	INSERT INTO DirectionMix(Id, Name, Code) VALUES (391, '其他文化艺术业', '8790')
	INSERT INTO DirectionMix(Id, Name, Code) VALUES (392, '室内娱乐活动', '891')
	INSERT INTO DirectionMix(Id, Name, Code) VALUES (393, '游乐园', '8920')
	INSERT INTO DirectionMix(Id, Name, Code) VALUES (394, '文化娱乐经纪人', '8941')
	INSERT INTO DirectionMix(Id, Name, Code) VALUES (395, '其他文化艺术经纪代理', '8949')
	INSERT INTO DirectionMix(Id, Name, Code) VALUES (396, '其他娱乐业', '8990')
	INSERT INTO DirectionMix(Id, Name, Code) VALUES (397, '前沿新材料', NULL)
END

IF NOT EXISTS(SELECT * FROM SourceTable) BEGIN
	INSERT INTO SourceTable(Id, Name) VALUES (1, '贷款欠款查询')
	INSERT INTO SourceTable(Id, Name) VALUES (2, '对公')
	INSERT INTO SourceTable(Id, Name) VALUES (3, '个人')
	INSERT INTO SourceTable(Id, Name) VALUES (4, '非应计贷款明细表')
	INSERT INTO SourceTable(Id, Name) VALUES (5, '逾期贷款明细表')
	INSERT INTO SourceTable(Id, Name) VALUES (6, '业务状况表（表内）')
	INSERT INTO SourceTable(Id, Name) VALUES (7, '业务状况表（表外）')
END

IF NOT EXISTS(SELECT * FROM SourceTableSheet) BEGIN
	INSERT INTO SourceTableSheet(Id, TableId, [Index], Name, RowsBeforeHeader, DataRowEndingFlag) VALUES (1, 1, 1, '贷款欠款查询', 4, '')
	INSERT INTO SourceTableSheet(Id, TableId, [Index], Name, RowsBeforeHeader, DataRowEndingFlag) VALUES (2, 2, 1, '表内', 1, '')
	INSERT INTO SourceTableSheet(Id, TableId, [Index], Name, RowsBeforeHeader, DataRowEndingFlag) VALUES (3, 3, 1, '个人', 2, '')
	INSERT INTO SourceTableSheet(Id, TableId, [Index], Name, RowsBeforeHeader, DataRowEndingFlag) VALUES (4, 4, 1, '非应计贷款明细表', 7, '本页小计')
	INSERT INTO SourceTableSheet(Id, TableId, [Index], Name, RowsBeforeHeader, DataRowEndingFlag) VALUES (5, 5, 1, '逾期贷款明细表', 8, '本页小计')
	INSERT INTO SourceTableSheet(Id, TableId, [Index], Name, RowsBeforeHeader, DataRowEndingFlag) VALUES (6, 2, 2, '表外', 0, '')
	INSERT INTO SourceTableSheet(Id, TableId, [Index], Name, RowsBeforeHeader, DataRowEndingFlag) VALUES (7, 2, 3, '委贷', 0, '')
	INSERT INTO SourceTableSheet(Id, TableId, [Index], Name, RowsBeforeHeader, DataRowEndingFlag) VALUES (8, 6, 1, '业务状况表（表内）', 8, '10')
	INSERT INTO SourceTableSheet(Id, TableId, [Index], Name, RowsBeforeHeader, DataRowEndingFlag) VALUES (9, 7, 1, '业务状况表（表外）', 8, '09')
END

IF NOT EXISTS(SELECT * FROM SourceTableSheetColumn) BEGIN
	/* Loan */
	INSERT INTO SourceTableSheetColumn(SheetId, [Index], Name) VALUES (1, 1, '机构号码')
	INSERT INTO SourceTableSheetColumn(SheetId, [Index], Name) VALUES (1, 2, '贷款科目')
	INSERT INTO SourceTableSheetColumn(SheetId, [Index], Name) VALUES (1, 3, '贷款帐号')
	INSERT INTO SourceTableSheetColumn(SheetId, [Index], Name) VALUES (1, 4, '客户名称')
	INSERT INTO SourceTableSheetColumn(SheetId, [Index], Name) VALUES (1, 5, '客户编号')
	INSERT INTO SourceTableSheetColumn(SheetId, [Index], Name) VALUES (1, 6, '客户类型')
	INSERT INTO SourceTableSheetColumn(SheetId, [Index], Name) VALUES (1, 7, '币种')
	INSERT INTO SourceTableSheetColumn(SheetId, [Index], Name) VALUES (1, 8, '贷款总额')
	INSERT INTO SourceTableSheetColumn(SheetId, [Index], Name) VALUES (1, 9, '本金余额')
	INSERT INTO SourceTableSheetColumn(SheetId, [Index], Name) VALUES (1, 10, '拖欠本金')
	INSERT INTO SourceTableSheetColumn(SheetId, [Index], Name) VALUES (1, 11, '拖欠应收利息')
	INSERT INTO SourceTableSheetColumn(SheetId, [Index], Name) VALUES (1, 12, '拖欠催收利息')
	INSERT INTO SourceTableSheetColumn(SheetId, [Index], Name) VALUES (1, 13, '')
	INSERT INTO SourceTableSheetColumn(SheetId, [Index], Name) VALUES (1, 14, '借据编号')
	INSERT INTO SourceTableSheetColumn(SheetId, [Index], Name) VALUES (1, 15, '放款日期')
	INSERT INTO SourceTableSheetColumn(SheetId, [Index], Name) VALUES (1, 16, '到期日期')
	INSERT INTO SourceTableSheetColumn(SheetId, [Index], Name) VALUES (1, 17, '置换/转让')
	INSERT INTO SourceTableSheetColumn(SheetId, [Index], Name) VALUES (1, 18, '核销标志')
	INSERT INTO SourceTableSheetColumn(SheetId, [Index], Name) VALUES (1, 19, '贷款状态')
	INSERT INTO SourceTableSheetColumn(SheetId, [Index], Name) VALUES (1, 20, '贷款种类')
	INSERT INTO SourceTableSheetColumn(SheetId, [Index], Name) VALUES (1, 21, '贷款种类说明')
	INSERT INTO SourceTableSheetColumn(SheetId, [Index], Name) VALUES (1, 22, '贷款用途')
	INSERT INTO SourceTableSheetColumn(SheetId, [Index], Name) VALUES (1, 23, '转列逾期')
	INSERT INTO SourceTableSheetColumn(SheetId, [Index], Name) VALUES (1, 24, '转列非应计日期')
	INSERT INTO SourceTableSheetColumn(SheetId, [Index], Name) VALUES (1, 25, '利息计至日')
	INSERT INTO SourceTableSheetColumn(SheetId, [Index], Name) VALUES (1, 26, '利率种类')
	INSERT INTO SourceTableSheetColumn(SheetId, [Index], Name) VALUES (1, 27, '利率加减符号')
	INSERT INTO SourceTableSheetColumn(SheetId, [Index], Name) VALUES (1, 28, '利率加减码')
	INSERT INTO SourceTableSheetColumn(SheetId, [Index], Name) VALUES (1, 29, '逾期利率依据方式')
	INSERT INTO SourceTableSheetColumn(SheetId, [Index], Name) VALUES (1, 30, '逾期利率种类')
	INSERT INTO SourceTableSheetColumn(SheetId, [Index], Name) VALUES (1, 31, '逾期利率加减符号')
	INSERT INTO SourceTableSheetColumn(SheetId, [Index], Name) VALUES (1, 32, '逾期利率加减码')
	INSERT INTO SourceTableSheetColumn(SheetId, [Index], Name) VALUES (1, 33, '利率依据方式')
	INSERT INTO SourceTableSheetColumn(SheetId, [Index], Name) VALUES (1, 34, '合同最初计息利率')
	INSERT INTO SourceTableSheetColumn(SheetId, [Index], Name) VALUES (1, 35, '合同最初逾期利率')
	INSERT INTO SourceTableSheetColumn(SheetId, [Index], Name) VALUES (1, 36, '扣款账号')

	/* Public */
	INSERT INTO SourceTableSheetColumn(SheetId, [Index], Name) VALUES (2, 1, '分行名称')
	INSERT INTO SourceTableSheetColumn(SheetId, [Index], Name) VALUES (2, 2, '支行名称')
	INSERT INTO SourceTableSheetColumn(SheetId, [Index], Name) VALUES (2, 3, '')
	INSERT INTO SourceTableSheetColumn(SheetId, [Index], Name) VALUES (2, 4, '客户姓名')
	INSERT INTO SourceTableSheetColumn(SheetId, [Index], Name) VALUES (2, 5, '借款人企业性质')
	INSERT INTO SourceTableSheetColumn(SheetId, [Index], Name) VALUES (2, 6, '组织机构代码')
	INSERT INTO SourceTableSheetColumn(SheetId, [Index], Name) VALUES (2, 7, '合同编号')
	INSERT INTO SourceTableSheetColumn(SheetId, [Index], Name) VALUES (2, 8, '借据编号')
	INSERT INTO SourceTableSheetColumn(SheetId, [Index], Name) VALUES (2, 9, '借据开始日期')
	INSERT INTO SourceTableSheetColumn(SheetId, [Index], Name) VALUES (2, 10, '借据结束日期')
	INSERT INTO SourceTableSheetColumn(SheetId, [Index], Name) VALUES (2, 11, '行业门类')
	INSERT INTO SourceTableSheetColumn(SheetId, [Index], Name) VALUES (2, 12, '行业大类')
	INSERT INTO SourceTableSheetColumn(SheetId, [Index], Name) VALUES (2, 13, '行业中类')
	INSERT INTO SourceTableSheetColumn(SheetId, [Index], Name) VALUES (2, 14, '行业小类')
	INSERT INTO SourceTableSheetColumn(SheetId, [Index], Name) VALUES (2, 15, '贷款期限(月)')
	INSERT INTO SourceTableSheetColumn(SheetId, [Index], Name) VALUES (2, 16, '币种')
	INSERT INTO SourceTableSheetColumn(SheetId, [Index], Name) VALUES (2, 17, '发放后投向行业门类')
	INSERT INTO SourceTableSheetColumn(SheetId, [Index], Name) VALUES (2, 18, '发放后投向行业大类')
	INSERT INTO SourceTableSheetColumn(SheetId, [Index], Name) VALUES (2, 19, '发放后投向行业中类')
	INSERT INTO SourceTableSheetColumn(SheetId, [Index], Name) VALUES (2, 20, '发放后投向行业小类')
	INSERT INTO SourceTableSheetColumn(SheetId, [Index], Name) VALUES (2, 21, '业务类别')
	INSERT INTO SourceTableSheetColumn(SheetId, [Index], Name) VALUES (2, 22, '授信品种')
	INSERT INTO SourceTableSheetColumn(SheetId, [Index], Name) VALUES (2, 23, '核算项目名称')
	INSERT INTO SourceTableSheetColumn(SheetId, [Index], Name) VALUES (2, 24, '')
	INSERT INTO SourceTableSheetColumn(SheetId, [Index], Name) VALUES (2, 25, '七级分类')
	INSERT INTO SourceTableSheetColumn(SheetId, [Index], Name) VALUES (2, 26, '客户信用等级')
	INSERT INTO SourceTableSheetColumn(SheetId, [Index], Name) VALUES (2, 27, '')
	INSERT INTO SourceTableSheetColumn(SheetId, [Index], Name) VALUES (2, 28, '客户规模(行内）')
	INSERT INTO SourceTableSheetColumn(SheetId, [Index], Name) VALUES (2, 29, '')
	INSERT INTO SourceTableSheetColumn(SheetId, [Index], Name) VALUES (2, 30, '客户规模(行外）')
	INSERT INTO SourceTableSheetColumn(SheetId, [Index], Name) VALUES (2, 31, '本金逾期天数')
	INSERT INTO SourceTableSheetColumn(SheetId, [Index], Name) VALUES (2, 32, '欠息天数')
	INSERT INTO SourceTableSheetColumn(SheetId, [Index], Name) VALUES (2, 33, '贷款余额')
	INSERT INTO SourceTableSheetColumn(SheetId, [Index], Name) VALUES (2, 34, '利率')
	INSERT INTO SourceTableSheetColumn(SheetId, [Index], Name) VALUES (2, 35, '浮动利率')
	INSERT INTO SourceTableSheetColumn(SheetId, [Index], Name) VALUES (2, 36, '主要担保方式')
	INSERT INTO SourceTableSheetColumn(SheetId, [Index], Name) VALUES (2, 37, '保证金比例')
	INSERT INTO SourceTableSheetColumn(SheetId, [Index], Name) VALUES (2, 38, '正常余额')
	INSERT INTO SourceTableSheetColumn(SheetId, [Index], Name) VALUES (2, 39, '逾期余额')
	INSERT INTO SourceTableSheetColumn(SheetId, [Index], Name) VALUES (2, 40, '非应计余额')
	INSERT INTO SourceTableSheetColumn(SheetId, [Index], Name) VALUES (2, 41, '贷款账号')
	INSERT INTO SourceTableSheetColumn(SheetId, [Index], Name) VALUES (2, 42, '是否涉农')
	INSERT INTO SourceTableSheetColumn(SheetId, [Index], Name) VALUES (2, 43, '是否政府融资平台')

	/* Private */
	INSERT INTO SourceTableSheetColumn(SheetId, [Index], Name) VALUES (3, 1, '二级分行')
	INSERT INTO SourceTableSheetColumn(SheetId, [Index], Name) VALUES (3, 2, '支行')
	INSERT INTO SourceTableSheetColumn(SheetId, [Index], Name) VALUES (3, 3, '信贷产品名称')
	INSERT INTO SourceTableSheetColumn(SheetId, [Index], Name) VALUES (3, 4, '产品核算项目')
	INSERT INTO SourceTableSheetColumn(SheetId, [Index], Name) VALUES (3, 5, '贷款期限（月）')
	INSERT INTO SourceTableSheetColumn(SheetId, [Index], Name) VALUES (3, 6, '综合授信额度')
	INSERT INTO SourceTableSheetColumn(SheetId, [Index], Name) VALUES (3, 7, '七级分类')
	INSERT INTO SourceTableSheetColumn(SheetId, [Index], Name) VALUES (3, 8, '还款方式')
	INSERT INTO SourceTableSheetColumn(SheetId, [Index], Name) VALUES (3, 9, '客户名称')
	INSERT INTO SourceTableSheetColumn(SheetId, [Index], Name) VALUES (3, 10, '证件号码')
	INSERT INTO SourceTableSheetColumn(SheetId, [Index], Name) VALUES (3, 11, '币种')
	INSERT INTO SourceTableSheetColumn(SheetId, [Index], Name) VALUES (3, 12, '合同开始日期')
	INSERT INTO SourceTableSheetColumn(SheetId, [Index], Name) VALUES (3, 13, '合同到期日')
	INSERT INTO SourceTableSheetColumn(SheetId, [Index], Name) VALUES (3, 14, '借款利率（执行）')
	INSERT INTO SourceTableSheetColumn(SheetId, [Index], Name) VALUES (3, 15, '担保方式')
	INSERT INTO SourceTableSheetColumn(SheetId, [Index], Name) VALUES (3, 16, '贷款余额')
	INSERT INTO SourceTableSheetColumn(SheetId, [Index], Name) VALUES (3, 17, '贷款发放后投向')
	INSERT INTO SourceTableSheetColumn(SheetId, [Index], Name) VALUES (3, 18, '贷款发放后投向')
	INSERT INTO SourceTableSheetColumn(SheetId, [Index], Name) VALUES (3, 19, '贷款发放后投向')
	INSERT INTO SourceTableSheetColumn(SheetId, [Index], Name) VALUES (3, 20, '贷款发放后投向')
	INSERT INTO SourceTableSheetColumn(SheetId, [Index], Name) VALUES (3, 21, '本金最长逾期天数')
	INSERT INTO SourceTableSheetColumn(SheetId, [Index], Name) VALUES (3, 22, '利息最长逾期天数')
	INSERT INTO SourceTableSheetColumn(SheetId, [Index], Name) VALUES (3, 23, '拖欠利息')
	INSERT INTO SourceTableSheetColumn(SheetId, [Index], Name) VALUES (3, 24, '逾期余额')
	INSERT INTO SourceTableSheetColumn(SheetId, [Index], Name) VALUES (3, 25, '非应计余额')

	/* NonAccrual */
	INSERT INTO SourceTableSheetColumn(SheetId, [Index], Name) VALUES (4, 1, '机构名称')
	INSERT INTO SourceTableSheetColumn(SheetId, [Index], Name) VALUES (4, 2, '客户名称')
	INSERT INTO SourceTableSheetColumn(SheetId, [Index], Name) VALUES (4, 3, '贷款帐号')
	INSERT INTO SourceTableSheetColumn(SheetId, [Index], Name) VALUES (4, 4, '客户编号')
	INSERT INTO SourceTableSheetColumn(SheetId, [Index], Name) VALUES (4, 5, '贷款种类')
	INSERT INTO SourceTableSheetColumn(SheetId, [Index], Name) VALUES (4, 6, '贷款发放日')
	INSERT INTO SourceTableSheetColumn(SheetId, [Index], Name) VALUES (4, 7, '贷款到期日')
	INSERT INTO SourceTableSheetColumn(SheetId, [Index], Name) VALUES (4, 8, '贷款余额')
	INSERT INTO SourceTableSheetColumn(SheetId, [Index], Name) VALUES (4, 9, '利息余额')
	INSERT INTO SourceTableSheetColumn(SheetId, [Index], Name) VALUES (4, 10, '担保情况')

	/* Overdue */
	INSERT INTO SourceTableSheetColumn(SheetId, [Index], Name) VALUES (5, 1, '机构名称')
	INSERT INTO SourceTableSheetColumn(SheetId, [Index], Name) VALUES (5, 2, '客户名称')
	INSERT INTO SourceTableSheetColumn(SheetId, [Index], Name) VALUES (5, 3, '贷款帐号')
	INSERT INTO SourceTableSheetColumn(SheetId, [Index], Name) VALUES (5, 4, '客户编号')
	INSERT INTO SourceTableSheetColumn(SheetId, [Index], Name) VALUES (5, 5, '贷款种类')
	INSERT INTO SourceTableSheetColumn(SheetId, [Index], Name) VALUES (5, 6, '贷款发放日')
	INSERT INTO SourceTableSheetColumn(SheetId, [Index], Name) VALUES (5, 7, '贷款到期日')
	INSERT INTO SourceTableSheetColumn(SheetId, [Index], Name) VALUES (5, 8, '逾期本金余额')
	INSERT INTO SourceTableSheetColumn(SheetId, [Index], Name) VALUES (5, 9, '利息余额')
	INSERT INTO SourceTableSheetColumn(SheetId, [Index], Name) VALUES (5, 10, '担保情况')

	/* YWNei */
	/* YWWai */
END

IF NOT EXISTS(SELECT * FROM TableMapping) BEGIN
	/* Public */
	INSERT TableMapping (Id, TableId, ColName, MappingName, MappingMode) VALUES (1, 'ImportPublic', 'ORGNAME', '分行名称', 2)
	INSERT TableMapping (Id, TableId, ColName, MappingName, MappingMode) VALUES (2, 'ImportPublic', 'ORGNAME2', '支行名称', 1)
	--INSERT TableMapping (Id, TableId, ColName, MappingName, MappingMode) VALUES (3, 'ImportPublic', 'CustomerNo', '客户编号', 2)
	INSERT TableMapping (Id, TableId, ColName, MappingName, MappingMode) VALUES (4, 'ImportPublic', 'CUSTOMERNAME', '客户姓名', 1)
	INSERT TableMapping (Id, TableId, ColName, MappingName, MappingMode) VALUES (5, 'ImportPublic', 'ORGTYPE', '借款人企业性质', 2)
	INSERT TableMapping (Id, TableId, ColName, MappingName, MappingMode) VALUES (6, 'ImportPublic', 'OrgCode', '组织机构代码', 2)
	INSERT TableMapping (Id, TableId, ColName, MappingName, MappingMode) VALUES (7, 'ImportPublic', 'CONTRACTNO', '合同编号', 2)
	INSERT TableMapping (Id, TableId, ColName, MappingName, MappingMode) VALUES (8, 'ImportPublic', 'DUEBILLNO', '借据编号', 2)
	INSERT TableMapping (Id, TableId, ColName, MappingName, MappingMode) VALUES (9, 'ImportPublic', 'LoanStartDate', '借据开始日期', 1)
	INSERT TableMapping (Id, TableId, ColName, MappingName, MappingMode) VALUES (10, 'ImportPublic', 'LoanEndDate', '借据结束日期', 1)
	INSERT TableMapping (Id, TableId, ColName, MappingName, MappingMode) VALUES (11, 'ImportPublic', 'INDUSTRYTYPE1', '行业门类', 2)
	INSERT TableMapping (Id, TableId, ColName, MappingName, MappingMode) VALUES (12, 'ImportPublic', 'INDUSTRYTYPE2', '行业大类', 2)
	INSERT TableMapping (Id, TableId, ColName, MappingName, MappingMode) VALUES (13, 'ImportPublic', 'INDUSTRYTYPE3', '行业中类', 2)
	INSERT TableMapping (Id, TableId, ColName, MappingName, MappingMode) VALUES (14, 'ImportPublic', 'INDUSTRYTYPE4', '行业小类', 2)
	INSERT TableMapping (Id, TableId, ColName, MappingName, MappingMode) VALUES (15, 'ImportPublic', 'TERMMONTH', '贷款期限(月)', 2)
	INSERT TableMapping (Id, TableId, ColName, MappingName, MappingMode) VALUES (16, 'ImportPublic', 'CurrencyType', '币种', 2)
	INSERT TableMapping (Id, TableId, ColName, MappingName, MappingMode) VALUES (17, 'ImportPublic', 'DIRECTION1', '发放后投向行业门类', 2)
	INSERT TableMapping (Id, TableId, ColName, MappingName, MappingMode) VALUES (18, 'ImportPublic', 'DIRECTION2', '发放后投向行业大类', 2)
	INSERT TableMapping (Id, TableId, ColName, MappingName, MappingMode) VALUES (19, 'ImportPublic', 'DIRECTION3', '发放后投向行业中类', 2)
	INSERT TableMapping (Id, TableId, ColName, MappingName, MappingMode) VALUES (20, 'ImportPublic', 'DIRECTION4', '发放后投向行业小类', 2)
	INSERT TableMapping (Id, TableId, ColName, MappingName, MappingMode) VALUES (21, 'ImportPublic', 'OCCURTYPE', '业务类别', 2)
	INSERT TableMapping (Id, TableId, ColName, MappingName, MappingMode) VALUES (22, 'ImportPublic', 'BUSINESSTYPE', '授信品种', 2)
	INSERT TableMapping (Id, TableId, ColName, MappingName, MappingMode) VALUES (23, 'ImportPublic', 'SUBJECTNO', '核算项目名称', 2)
	--INSERT TableMapping (Id, TableId, ColName, MappingName, MappingMode) VALUES (24, 'ImportPublic', 'BALANCE', 'BALANCE', 2)
	INSERT TableMapping (Id, TableId, ColName, MappingName, MappingMode) VALUES (25, 'ImportPublic', 'CLASSIFYRESULT', '七级分类', 2)
	INSERT TableMapping (Id, TableId, ColName, MappingName, MappingMode) VALUES (26, 'ImportPublic', 'CREDITLEVEL', '客户信用等级', 2)
	--INSERT TableMapping (Id, TableId, ColName, MappingName, MappingMode) VALUES (27, 'ImportPublic', 'MYBANKINDTYPE', 'MYBANKINDTYPE', 2)
	INSERT TableMapping (Id, TableId, ColName, MappingName, MappingMode) VALUES (28, 'ImportPublic', 'MYBANKINDTYPENAME', '客户规模(行内）', 2)
	--INSERT TableMapping (Id, TableId, ColName, MappingName, MappingMode) VALUES (29, 'ImportPublic', 'SCOPE', 'SCOPE', 2)
	INSERT TableMapping (Id, TableId, ColName, MappingName, MappingMode) VALUES (30, 'ImportPublic', 'SCOPENAME', '客户规模(行外）', 2)
	INSERT TableMapping (Id, TableId, ColName, MappingName, MappingMode) VALUES (31, 'ImportPublic', 'OVERDUEDAYS', '本金逾期天数', 2)
	INSERT TableMapping (Id, TableId, ColName, MappingName, MappingMode) VALUES (32, 'ImportPublic', 'OWEINTERESTDAYS', '欠息天数', 2)
	INSERT TableMapping (Id, TableId, ColName, MappingName, MappingMode) VALUES (33, 'ImportPublic', 'BALANCE1', '贷款余额', 1)
	INSERT TableMapping (Id, TableId, ColName, MappingName, MappingMode) VALUES (34, 'ImportPublic', 'ACTUALBUSINESSRATE', '利率', 2)
	INSERT TableMapping (Id, TableId, ColName, MappingName, MappingMode) VALUES (35, 'ImportPublic', 'RATEFLOAT', '浮动利率', 2)
	INSERT TableMapping (Id, TableId, ColName, MappingName, MappingMode) VALUES (36, 'ImportPublic', 'VOUCHTYPENAME', '主要担保方式', 1)
	INSERT TableMapping (Id, TableId, ColName, MappingName, MappingMode) VALUES (37, 'ImportPublic', 'BAILRATIO', '保证金比例', 2)
	INSERT TableMapping (Id, TableId, ColName, MappingName, MappingMode) VALUES (38, 'ImportPublic', 'NORMALBALANCE', '正常余额', 2)
	INSERT TableMapping (Id, TableId, ColName, MappingName, MappingMode) VALUES (39, 'ImportPublic', 'OVERDUEBALANCE', '逾期余额', 2)
	INSERT TableMapping (Id, TableId, ColName, MappingName, MappingMode) VALUES (40, 'ImportPublic', 'BADBALANCE', '非应计余额', 2)
	INSERT TableMapping (Id, TableId, ColName, MappingName, MappingMode) VALUES (41, 'ImportPublic', 'LoanAccount', '贷款账号', 2)
	INSERT TableMapping (Id, TableId, ColName, MappingName, MappingMode) VALUES (42, 'ImportPublic', 'ISAGRICULTURECREDIT', '是否涉农', 2)
	INSERT TableMapping (Id, TableId, ColName, MappingName, MappingMode) VALUES (43, 'ImportPublic', 'ISINRZ', '是否政府融资平台', 2)

	/* Private */
	INSERT TableMapping (Id, TableId, ColName, MappingName, MappingMode) VALUES (51, 'ImportPrivate', 'OrgName', '二级分行', 2)
	INSERT TableMapping (Id, TableId, ColName, MappingName, MappingMode) VALUES (52, 'ImportPrivate', 'OrgName2', '支行', 1)
	INSERT TableMapping (Id, TableId, ColName, MappingName, MappingMode) VALUES (53, 'ImportPrivate', 'ProductName', '信贷产品名称', 1)
	INSERT TableMapping (Id, TableId, ColName, MappingName, MappingMode) VALUES (54, 'ImportPrivate', 'ProductType', '产品核算项目', 2)
	INSERT TableMapping (Id, TableId, ColName, MappingName, MappingMode) VALUES (55, 'ImportPrivate', 'LoanMonths', '贷款期限（月）', 2)
	INSERT TableMapping (Id, TableId, ColName, MappingName, MappingMode) VALUES (56, 'ImportPrivate', 'ZongHeShouXinEDu', '综合授信额度', 2)
	INSERT TableMapping (Id, TableId, ColName, MappingName, MappingMode) VALUES (57, 'ImportPrivate', 'DangerLevel', '七级分类', 2)
	INSERT TableMapping (Id, TableId, ColName, MappingName, MappingMode) VALUES (58, 'ImportPrivate', 'RepaymentMethod', '还款方式', 2)
	INSERT TableMapping (Id, TableId, ColName, MappingName, MappingMode) VALUES (59, 'ImportPrivate', 'CustomerName', '客户名称', 1)
	INSERT TableMapping (Id, TableId, ColName, MappingName, MappingMode) VALUES (60, 'ImportPrivate', 'IdCardNo', '证件号码', 2)
	INSERT TableMapping (Id, TableId, ColName, MappingName, MappingMode) VALUES (61, 'ImportPrivate', 'CurrencyType', '币种', 2)
	INSERT TableMapping (Id, TableId, ColName, MappingName, MappingMode) VALUES (62, 'ImportPrivate', 'ContractStartDate', '合同开始日期', 1)
	INSERT TableMapping (Id, TableId, ColName, MappingName, MappingMode) VALUES (63, 'ImportPrivate', 'ContractEndDate', '合同到期日', 1)
	INSERT TableMapping (Id, TableId, ColName, MappingName, MappingMode) VALUES (64, 'ImportPrivate', 'InterestRatio', '借款利率（执行）', 2)
	INSERT TableMapping (Id, TableId, ColName, MappingName, MappingMode) VALUES (65, 'ImportPrivate', 'DanBaoFangShi', '担保方式', 1)
	INSERT TableMapping (Id, TableId, ColName, MappingName, MappingMode) VALUES (66, 'ImportPrivate', 'LoanBalance', '贷款余额', 1)
	INSERT TableMapping (Id, TableId, ColName, MappingName, MappingMode) VALUES (67, 'ImportPrivate', 'Direction1', '贷款发放后投向1', 2)
	INSERT TableMapping (Id, TableId, ColName, MappingName, MappingMode) VALUES (68, 'ImportPrivate', 'Direction2', '贷款发放后投向2', 2)
	INSERT TableMapping (Id, TableId, ColName, MappingName, MappingMode) VALUES (69, 'ImportPrivate', 'Direction3', '贷款发放后投向3', 2)
	INSERT TableMapping (Id, TableId, ColName, MappingName, MappingMode) VALUES (70, 'ImportPrivate', 'Direction4', '贷款发放后投向4', 2)
	INSERT TableMapping (Id, TableId, ColName, MappingName, MappingMode) VALUES (71, 'ImportPrivate', 'CapitalOverdueDays', '本金最长逾期天数', 2)
	INSERT TableMapping (Id, TableId, ColName, MappingName, MappingMode) VALUES (72, 'ImportPrivate', 'InterestOverdueDays', '利息最长逾期天数', 2)
	INSERT TableMapping (Id, TableId, ColName, MappingName, MappingMode) VALUES (73, 'ImportPrivate', 'OweInterestAmount', '拖欠利息', 2)
	INSERT TableMapping (Id, TableId, ColName, MappingName, MappingMode) VALUES (74, 'ImportPrivate', 'OverdueBalance', '逾期余额', 2)
	INSERT TableMapping (Id, TableId, ColName, MappingName, MappingMode) VALUES (75, 'ImportPrivate', 'NonAccrualBalance', '非应计余额', 2)

	/* ImportLoanXZ */
	INSERT TableMapping (Id, TableId, ColName, MappingName, MappingMode) VALUES (81,  'ImportLoanXZ', 'SubIndex', '序号', 1)
	INSERT TableMapping (Id, TableId, ColName, MappingName, MappingMode) VALUES (82,  'ImportLoanXZ', 'CustomerName', '客户名称', 1)
	INSERT TableMapping (Id, TableId, ColName, MappingName, MappingMode) VALUES (83,  'ImportLoanXZ', 'CapitalAmount', '贷款余额', 1)
	INSERT TableMapping (Id, TableId, ColName, MappingName, MappingMode) VALUES (84,  'ImportLoanXZ', 'DangerLevel', '五级分类', 1)
	INSERT TableMapping (Id, TableId, ColName, MappingName, MappingMode) VALUES (85,  'ImportLoanXZ', 'DanBaoFangShi', '担保方式', 1)
	INSERT TableMapping (Id, TableId, ColName, MappingName, MappingMode) VALUES (86,  'ImportLoanXZ', 'LoanStartDate', '贷款发放日', 1)
	INSERT TableMapping (Id, TableId, ColName, MappingName, MappingMode) VALUES (87,  'ImportLoanXZ', 'LoanEndDate', '贷款到期日', 1)
	INSERT TableMapping (Id, TableId, ColName, MappingName, MappingMode) VALUES (88,  'ImportLoanXZ', 'OverdueDays', '逾期时间 范围', 1)
	INSERT TableMapping (Id, TableId, ColName, MappingName, MappingMode) VALUES (89,  'ImportLoanXZ', 'OweInterestAmount', '欠息金额', 1)
	INSERT TableMapping (Id, TableId, ColName, MappingName, MappingMode) VALUES (90,  'ImportLoanXZ', 'OweInterestDays', '欠息时间 （天数）', 1)
	INSERT TableMapping (Id, TableId, ColName, MappingName, MappingMode) VALUES (91,  'ImportLoanXZ', 'OrgName', '经办机构', 1)
	INSERT TableMapping (Id, TableId, ColName, MappingName, MappingMode) VALUES (92,  'ImportLoanXZ', 'BusinessType', '业务种类', 1)
	INSERT TableMapping (Id, TableId, ColName, MappingName, MappingMode) VALUES (93,  'ImportLoanXZ', 'OrgNo', '机构号码', 2)
	INSERT TableMapping (Id, TableId, ColName, MappingName, MappingMode) VALUES (94,  'ImportLoanXZ', 'LoanCatalog', '贷款科目', 2)
	INSERT TableMapping (Id, TableId, ColName, MappingName, MappingMode) VALUES (95,  'ImportLoanXZ', 'LoanAccount', '贷款帐号', 2)
	INSERT TableMapping (Id, TableId, ColName, MappingName, MappingMode) VALUES (96,  'ImportLoanXZ', 'CustomerNo', '客户编号', 2)
	INSERT TableMapping (Id, TableId, ColName, MappingName, MappingMode) VALUES (97,  'ImportLoanXZ', 'CustomerType', '客户类型', 2)
	INSERT TableMapping (Id, TableId, ColName, MappingName, MappingMode) VALUES (98,  'ImportLoanXZ', 'CurrencyType', '币种', 2)
	INSERT TableMapping (Id, TableId, ColName, MappingName, MappingMode) VALUES (99,  'ImportLoanXZ', 'LoanAmount', '贷款总额', 2)
	INSERT TableMapping (Id, TableId, ColName, MappingName, MappingMode) VALUES (100, 'ImportLoanXZ', 'OweCapital', '拖欠本金', 2)
	INSERT TableMapping (Id, TableId, ColName, MappingName, MappingMode) VALUES (101, 'ImportLoanXZ', 'OweYingShouInterest', '拖欠应收利息', 2)
	INSERT TableMapping (Id, TableId, ColName, MappingName, MappingMode) VALUES (102, 'ImportLoanXZ', 'OweCuiShouInterest', '拖欠催收利息', 2)
	INSERT TableMapping (Id, TableId, ColName, MappingName, MappingMode) VALUES (103, 'ImportLoanXZ', 'DueBillNo', '借据编号', 2)
	INSERT TableMapping (Id, TableId, ColName, MappingName, MappingMode) VALUES (104, 'ImportLoanXZ', 'ZhiHuanZhuanRang', '置换/转让', 2)
	INSERT TableMapping (Id, TableId, ColName, MappingName, MappingMode) VALUES (105, 'ImportLoanXZ', 'HeXiaoFlag', '核销标志', 2)
	INSERT TableMapping (Id, TableId, ColName, MappingName, MappingMode) VALUES (106, 'ImportLoanXZ', 'LoanState', '贷款状态', 2)
	INSERT TableMapping (Id, TableId, ColName, MappingName, MappingMode) VALUES (107, 'ImportLoanXZ', 'LoanType', '贷款种类', 2)
	INSERT TableMapping (Id, TableId, ColName, MappingName, MappingMode) VALUES (108, 'ImportLoanXZ', 'LoanTypeName', '贷款种类说明', 2)
	INSERT TableMapping (Id, TableId, ColName, MappingName, MappingMode) VALUES (109, 'ImportLoanXZ', 'Direction', '贷款用途', 2)
	INSERT TableMapping (Id, TableId, ColName, MappingName, MappingMode) VALUES (110, 'ImportLoanXZ', 'ZhuanLieYuQi', '转列逾期', 2)
	INSERT TableMapping (Id, TableId, ColName, MappingName, MappingMode) VALUES (111, 'ImportLoanXZ', 'ZhuanLieFYJ', '转列非应计日期', 2)
	INSERT TableMapping (Id, TableId, ColName, MappingName, MappingMode) VALUES (112, 'ImportLoanXZ', 'InterestEndDate', '利息计至日', 2)
	INSERT TableMapping (Id, TableId, ColName, MappingName, MappingMode) VALUES (113, 'ImportLoanXZ', 'LiLvType', '利率种类', 2)
	INSERT TableMapping (Id, TableId, ColName, MappingName, MappingMode) VALUES (114, 'ImportLoanXZ', 'LiLvSymbol', '利率加减符号', 2)
	INSERT TableMapping (Id, TableId, ColName, MappingName, MappingMode) VALUES (115, 'ImportLoanXZ', 'LiLvJiaJianMa', '利率加减码', 2)
	INSERT TableMapping (Id, TableId, ColName, MappingName, MappingMode) VALUES (116, 'ImportLoanXZ', 'YuQiLiLvYiJu', '逾期利率依据方式', 2)
	INSERT TableMapping (Id, TableId, ColName, MappingName, MappingMode) VALUES (117, 'ImportLoanXZ', 'YuQiLiLvType', '逾期利率种类', 2)
	INSERT TableMapping (Id, TableId, ColName, MappingName, MappingMode) VALUES (118, 'ImportLoanXZ', 'YuQiLiLvSymbol', '逾期利率加减符号', 2)
	INSERT TableMapping (Id, TableId, ColName, MappingName, MappingMode) VALUES (119, 'ImportLoanXZ', 'YuQiLiLvJiaJianMa', '逾期利率加减码', 2)
	INSERT TableMapping (Id, TableId, ColName, MappingName, MappingMode) VALUES (120, 'ImportLoanXZ', 'LiLvYiJu', '利率依据方式', 2)
	INSERT TableMapping (Id, TableId, ColName, MappingName, MappingMode) VALUES (121, 'ImportLoanXZ', 'ContractInterestRatio', '合同最初计息利率', 2)
	INSERT TableMapping (Id, TableId, ColName, MappingName, MappingMode) VALUES (122, 'ImportLoanXZ', 'ContractOverdueInterestRate', '合同最初逾期利率', 2)
	INSERT TableMapping (Id, TableId, ColName, MappingName, MappingMode) VALUES (123, 'ImportLoanXZ', 'ChargeAccount', '扣款账号', 2)

	/* ImportLoanJQ */
	INSERT TableMapping (Id, TableId, ColName, MappingName, MappingMode) VALUES (131, 'ImportLoanJQ', 'SubIndex', '序号', 1)
	INSERT TableMapping (Id, TableId, ColName, MappingName, MappingMode) VALUES (132, 'ImportLoanJQ', 'CustomerName', '客户名称', 1)
	INSERT TableMapping (Id, TableId, ColName, MappingName, MappingMode) VALUES (133, 'ImportLoanJQ', 'CapitalAmount', '贷款余额', 1)
	INSERT TableMapping (Id, TableId, ColName, MappingName, MappingMode) VALUES (134, 'ImportLoanJQ', 'PaidCapital', '收回本金', 1)
	INSERT TableMapping (Id, TableId, ColName, MappingName, MappingMode) VALUES (135, 'ImportLoanJQ', 'DangerLevel', '五级分类', 1)
	INSERT TableMapping (Id, TableId, ColName, MappingName, MappingMode) VALUES (136, 'ImportLoanJQ', 'DanBaoFangShi', '担保方式', 1)
	INSERT TableMapping (Id, TableId, ColName, MappingName, MappingMode) VALUES (137, 'ImportLoanJQ', 'LoanStartDate', '贷款发放日', 1)
	INSERT TableMapping (Id, TableId, ColName, MappingName, MappingMode) VALUES (138, 'ImportLoanJQ', 'LoanEndDate', '贷款到期日', 1)
	INSERT TableMapping (Id, TableId, ColName, MappingName, MappingMode) VALUES (139, 'ImportLoanJQ', 'OverdueDays', '逾期时间 范围', 1)
	INSERT TableMapping (Id, TableId, ColName, MappingName, MappingMode) VALUES (140, 'ImportLoanJQ', 'OweInterestAmount', '欠息金额', 1)
	INSERT TableMapping (Id, TableId, ColName, MappingName, MappingMode) VALUES (141, 'ImportLoanJQ', 'PaidInterest', '收回利息', 1)
	INSERT TableMapping (Id, TableId, ColName, MappingName, MappingMode) VALUES (142, 'ImportLoanJQ', 'OweInterestDays', '欠息时间 （天数）', 1)
	INSERT TableMapping (Id, TableId, ColName, MappingName, MappingMode) VALUES (143, 'ImportLoanJQ', 'OrgName', '经办机构', 1)
	INSERT TableMapping (Id, TableId, ColName, MappingName, MappingMode) VALUES (144, 'ImportLoanJQ', 'BusinessType', '业务种类', 1)
	INSERT TableMapping (Id, TableId, ColName, MappingName, MappingMode) VALUES (145, 'ImportLoanJQ', 'OrgNo', '机构号码', 2)
	INSERT TableMapping (Id, TableId, ColName, MappingName, MappingMode) VALUES (146, 'ImportLoanJQ', 'LoanCatalog', '贷款科目', 2)
	INSERT TableMapping (Id, TableId, ColName, MappingName, MappingMode) VALUES (147, 'ImportLoanJQ', 'LoanAccount', '贷款帐号', 2)
	INSERT TableMapping (Id, TableId, ColName, MappingName, MappingMode) VALUES (148, 'ImportLoanJQ', 'CustomerNo', '客户编号', 2)
	INSERT TableMapping (Id, TableId, ColName, MappingName, MappingMode) VALUES (149, 'ImportLoanJQ', 'CustomerType', '客户类型', 2)
	INSERT TableMapping (Id, TableId, ColName, MappingName, MappingMode) VALUES (150, 'ImportLoanJQ', 'CurrencyType', '币种', 2)
	INSERT TableMapping (Id, TableId, ColName, MappingName, MappingMode) VALUES (151, 'ImportLoanJQ', 'LoanAmount', '贷款总额', 2)
	INSERT TableMapping (Id, TableId, ColName, MappingName, MappingMode) VALUES (152, 'ImportLoanJQ', 'OweCapital', '拖欠本金', 2)
	INSERT TableMapping (Id, TableId, ColName, MappingName, MappingMode) VALUES (153, 'ImportLoanJQ', 'OweYingShouInterest', '拖欠应收利息', 2)
	INSERT TableMapping (Id, TableId, ColName, MappingName, MappingMode) VALUES (154, 'ImportLoanJQ', 'OweCuiShouInterest', '拖欠催收利息', 2)
	INSERT TableMapping (Id, TableId, ColName, MappingName, MappingMode) VALUES (155, 'ImportLoanJQ', 'DueBillNo', '借据编号', 2)
	INSERT TableMapping (Id, TableId, ColName, MappingName, MappingMode) VALUES (156, 'ImportLoanJQ', 'ZhiHuanZhuanRang', '置换/转让', 2)
	INSERT TableMapping (Id, TableId, ColName, MappingName, MappingMode) VALUES (157, 'ImportLoanJQ', 'HeXiaoFlag', '核销标志', 2)
	INSERT TableMapping (Id, TableId, ColName, MappingName, MappingMode) VALUES (158, 'ImportLoanJQ', 'LoanState', '贷款状态', 2)
	INSERT TableMapping (Id, TableId, ColName, MappingName, MappingMode) VALUES (159, 'ImportLoanJQ', 'LoanType', '贷款种类', 2)
	INSERT TableMapping (Id, TableId, ColName, MappingName, MappingMode) VALUES (160, 'ImportLoanJQ', 'LoanTypeName', '贷款种类说明', 2)
	INSERT TableMapping (Id, TableId, ColName, MappingName, MappingMode) VALUES (161, 'ImportLoanJQ', 'Direction', '贷款用途', 2)
	INSERT TableMapping (Id, TableId, ColName, MappingName, MappingMode) VALUES (162, 'ImportLoanJQ', 'ZhuanLieYuQi', '转列逾期', 2)
	INSERT TableMapping (Id, TableId, ColName, MappingName, MappingMode) VALUES (163, 'ImportLoanJQ', 'ZhuanLieFYJ', '转列非应计日期', 2)
	INSERT TableMapping (Id, TableId, ColName, MappingName, MappingMode) VALUES (164, 'ImportLoanJQ', 'InterestEndDate', '利息计至日', 2)
	INSERT TableMapping (Id, TableId, ColName, MappingName, MappingMode) VALUES (165, 'ImportLoanJQ', 'LiLvType', '利率种类', 2)
	INSERT TableMapping (Id, TableId, ColName, MappingName, MappingMode) VALUES (166, 'ImportLoanJQ', 'LiLvSymbol', '利率加减符号', 2)
	INSERT TableMapping (Id, TableId, ColName, MappingName, MappingMode) VALUES (167, 'ImportLoanJQ', 'LiLvJiaJianMa', '利率加减码', 2)
	INSERT TableMapping (Id, TableId, ColName, MappingName, MappingMode) VALUES (168, 'ImportLoanJQ', 'YuQiLiLvYiJu', '逾期利率依据方式', 2)
	INSERT TableMapping (Id, TableId, ColName, MappingName, MappingMode) VALUES (169, 'ImportLoanJQ', 'YuQiLiLvType', '逾期利率种类', 2)
	INSERT TableMapping (Id, TableId, ColName, MappingName, MappingMode) VALUES (170, 'ImportLoanJQ', 'YuQiLiLvSymbol', '逾期利率加减符号', 2)
	INSERT TableMapping (Id, TableId, ColName, MappingName, MappingMode) VALUES (171, 'ImportLoanJQ', 'YuQiLiLvJiaJianMa', '逾期利率加减码', 2)
	INSERT TableMapping (Id, TableId, ColName, MappingName, MappingMode) VALUES (172, 'ImportLoanJQ', 'LiLvYiJu', '利率依据方式', 2)
	INSERT TableMapping (Id, TableId, ColName, MappingName, MappingMode) VALUES (173, 'ImportLoanJQ', 'ContractInterestRatio', '合同最初计息利率', 2)
	INSERT TableMapping (Id, TableId, ColName, MappingName, MappingMode) VALUES (174, 'ImportLoanJQ', 'ContractOverdueInterestRate', '合同最初逾期利率', 2)
	INSERT TableMapping (Id, TableId, ColName, MappingName, MappingMode) VALUES (175, 'ImportLoanJQ', 'ChargeAccount', '扣款账号', 2)
END

IF NOT EXISTS(SELECT * FROM TargetTable) BEGIN
	INSERT INTO TargetTable(Id, Name, [FileName]) VALUES (1, '风险贷款情况表（五级分类）', '榆林分行风险贷款情况表.xls')
	INSERT INTO TargetTable(Id, Name, [FileName]) VALUES (2, '风险贷款通报', '风险贷款通报.xls')
	INSERT INTO TargetTable(Id, Name, [FileName]) VALUES (3, '榆林地区不良贷款监测旬报', '榆林地区不良贷款监测旬报.xls')
	INSERT INTO TargetTable(Id, Name, [FileName]) VALUES (4, '中小企业资金需求及银行业支持情况报表', '中小企业资金需求及银行业支持情况报表.xls')
	INSERT INTO TargetTable(Id, Name, [FileName]) VALUES (5, '城商行授信情况统计表', '城商行授信情况统计表.xls')
	INSERT INTO TargetTable(Id, Name, [FileName]) VALUES (6, '风险贷款变化情况表', '风险贷款变化情况表.xls')
	INSERT INTO TargetTable(Id, Name, [FileName]) VALUES (7, '榆林分行三张表汇总表', '榆林分行三张表汇总表.xls')
	INSERT INTO TargetTable(Id, Name, [FileName]) VALUES (8, '贷款质量分类情况汇总表', '贷款质量分类情况汇总表.xls')
	INSERT INTO TargetTable(Id, Name, [FileName]) VALUES (20, '风险贷款情况表-行业版', '榆林分行风险贷款情况表-行业版.xls')
	INSERT INTO TargetTable(Id, Name, [FileName]) VALUES (21, 'GF0102-081', 'GF0102-081.xls')
	INSERT INTO TargetTable(Id, Name, [FileName]) VALUES (22, 'GF0107-141', 'GF0107-141.xls')
	INSERT INTO TargetTable(Id, Name, [FileName]) VALUES (23, 'SF6301-141', 'SF6301-141.xls')
	INSERT INTO TargetTable(Id, Name, [FileName]) VALUES (24, 'SF6401-141', 'SF6401-141.xls')
	INSERT INTO TargetTable(Id, Name, [FileName]) VALUES (31, 'GF1101-121', 'GF1101-121.xls')
	INSERT INTO TargetTable(Id, Name, [FileName]) VALUES (32, 'GF1103-121', 'GF1103-121.xls')
	INSERT INTO TargetTable(Id, Name, [FileName]) VALUES (33, 'GF1200-101', 'GF1200-101.xls')
	INSERT INTO TargetTable(Id, Name, [FileName]) VALUES (34, 'GF1301-081', 'GF1301-081.xls')
	INSERT INTO TargetTable(Id, Name, [FileName]) VALUES (35, 'GF1302-081', 'GF1302-081.xls')
	INSERT INTO TargetTable(Id, Name, [FileName]) VALUES (36, 'GF1303-081', 'GF1303-081.xls')
	INSERT INTO TargetTable(Id, Name, [FileName]) VALUES (37, 'GF1304-081', 'GF1304-081.xls')
	INSERT INTO TargetTable(Id, Name, [FileName]) VALUES (38, 'GF1403-111', 'GF1403-111.xls')
	INSERT INTO TargetTable(Id, Name, [FileName]) VALUES (39, 'GF1900-151', 'GF1900-151.xls')
	INSERT INTO TargetTable(Id, Name, [FileName]) VALUES (40, 'SF6302-131', 'SF6302-131.xls')
	INSERT INTO TargetTable(Id, Name, [FileName]) VALUES (41, 'SF6402-131', 'SF6402-131.xls')
	INSERT INTO TargetTable(Id, Name, [FileName]) VALUES (42, 'SF6700-151', 'SF6700-151.xls')
	INSERT INTO TargetTable(Id, Name, [FileName]) VALUES (61, '到期贷款情况', '到期贷款情况.xls')
	INSERT INTO TargetTable(Id, Name, [FileName]) VALUES (62, '新增贷款明细表', '新增贷款明细表.xls')
	INSERT INTO TargetTable(Id, Name, [FileName]) VALUES (63, '结清贷款明细表', '结清贷款明细表.xls')
END

IF NOT EXISTS(SELECT * FROM TargetTableSheet) BEGIN
	INSERT INTO TargetTableSheet(Id, TableId, [Index], Name, RowsBeforeHeader, FooterStartRow, FooterEndRow) VALUES (1, 1, 1, '非应计', 2, 6, 6)
	INSERT INTO TargetTableSheet(Id, TableId, [Index], Name, RowsBeforeHeader, FooterStartRow, FooterEndRow) VALUES (2, 1, 2, '不良贷款', 2, 6, 6)
	INSERT INTO TargetTableSheet(Id, TableId, [Index], Name, RowsBeforeHeader, FooterStartRow, FooterEndRow) VALUES (3, 1, 3, '逾期', 2, 6, 6)
	INSERT INTO TargetTableSheet(Id, TableId, [Index], Name, RowsBeforeHeader, FooterStartRow, FooterEndRow) VALUES (4, 1, 4, '只欠息', 2, 6, 6)
	INSERT INTO TargetTableSheet(Id, TableId, [Index], Name, RowsBeforeHeader, FooterStartRow, FooterEndRow) VALUES (5, 1, 5, '关注贷款', 2, 6, 6)
	INSERT INTO TargetTableSheet(Id, TableId, [Index], Name, RowsBeforeHeader, FooterStartRow, FooterEndRow) VALUES (6, 1, 6, '累收累增', 4, 9, 9)
	INSERT INTO TargetTableSheet(Id, TableId, [Index], Name, RowsBeforeHeader, FooterStartRow, FooterEndRow) VALUES (7, 20, 1, '<yyyy-M>', 0, 4, 4)
	INSERT INTO TargetTableSheet(Id, TableId, [Index], Name, RowsBeforeHeader, FooterStartRow, FooterEndRow) VALUES (8, 21, 1, 'GF0102', 4, 12, 14)
	INSERT INTO TargetTableSheet(Id, TableId, [Index], Name, RowsBeforeHeader, FooterStartRow, FooterEndRow) VALUES (9, 22, 1, 'GF0107', 3, 40, 42)
	INSERT INTO TargetTableSheet(Id, TableId, [Index], Name, RowsBeforeHeader, FooterStartRow, FooterEndRow) VALUES (10, 23, 1, 'SF6301', 3, 33, 36)
	INSERT INTO TargetTableSheet(Id, TableId, [Index], Name, RowsBeforeHeader, FooterStartRow, FooterEndRow) VALUES (11, 24, 1, 'SF6401', 3, 33, 36)
	INSERT INTO TargetTableSheet(Id, TableId, [Index], Name, RowsBeforeHeader, FooterStartRow, FooterEndRow) VALUES (12, 2, 1, 'Sheet1', 4, 7, 7)
	INSERT INTO TargetTableSheet(Id, TableId, [Index], Name, RowsBeforeHeader, FooterStartRow, FooterEndRow) VALUES (13, 61, 1, '对公', 2, 5, 5)
	INSERT INTO TargetTableSheet(Id, TableId, [Index], Name, RowsBeforeHeader, FooterStartRow, FooterEndRow) VALUES (14, 61, 2, '个人', 2, 5, 5)
	INSERT INTO TargetTableSheet(Id, TableId, [Index], Name, RowsBeforeHeader, FooterStartRow, FooterEndRow) VALUES (15, 62, 1, '非应计', 2, 7, 14)
	INSERT INTO TargetTableSheet(Id, TableId, [Index], Name, RowsBeforeHeader, FooterStartRow, FooterEndRow) VALUES (16, 62, 2, '逾期', 2, 7, 14)
	INSERT INTO TargetTableSheet(Id, TableId, [Index], Name, RowsBeforeHeader, FooterStartRow, FooterEndRow) VALUES (17, 62, 3, '只欠息', 2, 7, 14)
	INSERT INTO TargetTableSheet(Id, TableId, [Index], Name, RowsBeforeHeader, FooterStartRow, FooterEndRow) VALUES (18, 63, 1, '非应计', 2, 7, 14)
	INSERT INTO TargetTableSheet(Id, TableId, [Index], Name, RowsBeforeHeader, FooterStartRow, FooterEndRow) VALUES (19, 63, 2, '逾期', 2, 7, 14)
	INSERT INTO TargetTableSheet(Id, TableId, [Index], Name, RowsBeforeHeader, FooterStartRow, FooterEndRow) VALUES (20, 63, 3, '只欠息', 2, 7, 14)
	INSERT INTO TargetTableSheet(Id, TableId, [Index], Name, RowsBeforeHeader, FooterStartRow, FooterEndRow) VALUES (21, 6, 1, 'Sheet1', 5, 10, 10)
	INSERT INTO TargetTableSheet(Id, TableId, [Index], Name, RowsBeforeHeader, FooterStartRow, FooterEndRow) VALUES (22, 4, 1, 'Sheet1', 3, 10, 15)
	INSERT INTO TargetTableSheet(Id, TableId, [Index], Name, RowsBeforeHeader, FooterStartRow, FooterEndRow) VALUES (23, 8, 1, 'Sheet1', 5, 14, 14)
	INSERT INTO TargetTableSheet(Id, TableId, [Index], Name, RowsBeforeHeader, FooterStartRow, FooterEndRow) VALUES (24, 31, 1, 'GF1101', 6, 54, 57)
	INSERT INTO TargetTableSheet(Id, TableId, [Index], Name, RowsBeforeHeader, FooterStartRow, FooterEndRow) VALUES (25, 32, 1, 'GF1103', 6, 129, 131)
	INSERT INTO TargetTableSheet(Id, TableId, [Index], Name, RowsBeforeHeader, FooterStartRow, FooterEndRow) VALUES (26, 33, 1, 'GF1200', 4, 21, 23)
	INSERT INTO TargetTableSheet(Id, TableId, [Index], Name, RowsBeforeHeader, FooterStartRow, FooterEndRow) VALUES (27, 34, 1, 'GF1301', 5, 17, 19)
	INSERT INTO TargetTableSheet(Id, TableId, [Index], Name, RowsBeforeHeader, FooterStartRow, FooterEndRow) VALUES (28, 35, 1, 'GF1302', 5, 17, 19)
	INSERT INTO TargetTableSheet(Id, TableId, [Index], Name, RowsBeforeHeader, FooterStartRow, FooterEndRow) VALUES (29, 36, 1, 'GF1303', 5, 17, 19)
	INSERT INTO TargetTableSheet(Id, TableId, [Index], Name, RowsBeforeHeader, FooterStartRow, FooterEndRow) VALUES (30, 37, 1, 'GF1304', 5, 17, 19)
	INSERT INTO TargetTableSheet(Id, TableId, [Index], Name, RowsBeforeHeader, FooterStartRow, FooterEndRow) VALUES (31, 38, 1, 'GF1403', 6, 20, 22)
	INSERT INTO TargetTableSheet(Id, TableId, [Index], Name, RowsBeforeHeader, FooterStartRow, FooterEndRow) VALUES (32, 39, 1, 'GF1900', 5, 17, 19)
	INSERT INTO TargetTableSheet(Id, TableId, [Index], Name, RowsBeforeHeader, FooterStartRow, FooterEndRow) VALUES (33, 40, 1, 'SF6302', 4, 10, 13)
	INSERT INTO TargetTableSheet(Id, TableId, [Index], Name, RowsBeforeHeader, FooterStartRow, FooterEndRow) VALUES (34, 41, 1, 'SF6402', 4, 28, 31)
	INSERT INTO TargetTableSheet(Id, TableId, [Index], Name, RowsBeforeHeader, FooterStartRow, FooterEndRow) VALUES (35, 42, 1, 'SF6700', 5, 89, 92)
	INSERT INTO TargetTableSheet(Id, TableId, [Index], Name, RowsBeforeHeader, FooterStartRow, FooterEndRow) VALUES (36, 3, 1, '附表1', 4, 27, 27)
	INSERT INTO TargetTableSheet(Id, TableId, [Index], Name, RowsBeforeHeader, FooterStartRow, FooterEndRow) VALUES (37, 3, 2, '附表2', 4, 19, 19)
	INSERT INTO TargetTableSheet(Id, TableId, [Index], Name, RowsBeforeHeader, FooterStartRow, FooterEndRow) VALUES (38, 3, 3, '附表3', 4, 43, 43)
	INSERT INTO TargetTableSheet(Id, TableId, [Index], Name, RowsBeforeHeader, FooterStartRow, FooterEndRow) VALUES (39, 3, 4, '附表4', 4, 16, 16)
	INSERT INTO TargetTableSheet(Id, TableId, [Index], Name, RowsBeforeHeader, FooterStartRow, FooterEndRow) VALUES (40, 3, 5, '附表5', 6, 19, 19)
	INSERT INTO TargetTableSheet(Id, TableId, [Index], Name, RowsBeforeHeader, FooterStartRow, FooterEndRow) VALUES (41, 5, 1, '城商行榆林地区授信总体情况表', 3, 0, 0)
	INSERT INTO TargetTableSheet(Id, TableId, [Index], Name, RowsBeforeHeader, FooterStartRow, FooterEndRow) VALUES (42, 5, 2, '城商行榆林地区前20大公司类贷款统计表', 5, 27, 28)
	INSERT INTO TargetTableSheet(Id, TableId, [Index], Name, RowsBeforeHeader, FooterStartRow, FooterEndRow) VALUES (43, 5, 3, '城商行榆林地区公司类不良贷款情况表', 6, 10, 11)
	INSERT INTO TargetTableSheet(Id, TableId, [Index], Name, RowsBeforeHeader, FooterStartRow, FooterEndRow) VALUES (44, 5, 4, '城商行榆林地区前20大个人类贷款统计表', 5, 27, 28)
	INSERT INTO TargetTableSheet(Id, TableId, [Index], Name, RowsBeforeHeader, FooterStartRow, FooterEndRow) VALUES (45, 5, 5, '城商行榆林地区按揭贷款（商用房、住房）情况统计表', 5, 10, 11)
END

IF NOT EXISTS(SELECT * FROM TargetTableSheetColumn) BEGIN
	/* 非应计 */
	INSERT INTO TargetTableSheetColumn(SheetId, [Index], Name) VALUES (1, 1, '行名')
	INSERT INTO TargetTableSheetColumn(SheetId, [Index], Name) VALUES (1, 2, '客户名称')
	INSERT INTO TargetTableSheetColumn(SheetId, [Index], Name) VALUES (1, 3, '贷款余额')
	INSERT INTO TargetTableSheetColumn(SheetId, [Index], Name) VALUES (1, 4, '七级分类')
	INSERT INTO TargetTableSheetColumn(SheetId, [Index], Name) VALUES (1, 5, '欠息金额')
	INSERT INTO TargetTableSheetColumn(SheetId, [Index], Name) VALUES (1, 6, '放款日期')
	INSERT INTO TargetTableSheetColumn(SheetId, [Index], Name) VALUES (1, 7, '到期日期')
	INSERT INTO TargetTableSheetColumn(SheetId, [Index], Name) VALUES (1, 8, '逾期天数')
	INSERT INTO TargetTableSheetColumn(SheetId, [Index], Name) VALUES (1, 9, '欠息天数')
	INSERT INTO TargetTableSheetColumn(SheetId, [Index], Name) VALUES (1, 10, '担保方式')
	INSERT INTO TargetTableSheetColumn(SheetId, [Index], Name) VALUES (1, 11, '行业')
	INSERT INTO TargetTableSheetColumn(SheetId, [Index], Name) VALUES (1, 12, '客户类型')
	INSERT INTO TargetTableSheetColumn(SheetId, [Index], Name) VALUES (1, 13, '贷款类型')
	INSERT INTO TargetTableSheetColumn(SheetId, [Index], Name) VALUES (1, 14, '是否本月新增')
	INSERT INTO TargetTableSheetColumn(SheetId, [Index], Name) VALUES (1, 15, '备注')

	/* 不良贷款 */
	INSERT INTO TargetTableSheetColumn(SheetId, [Index], Name) VALUES (2, 1, '行名')
	INSERT INTO TargetTableSheetColumn(SheetId, [Index], Name) VALUES (2, 2, '企业（客户）名称')
	INSERT INTO TargetTableSheetColumn(SheetId, [Index], Name) VALUES (2, 3, '贷款余额')
	INSERT INTO TargetTableSheetColumn(SheetId, [Index], Name) VALUES (2, 4, '七级分类')
	INSERT INTO TargetTableSheetColumn(SheetId, [Index], Name) VALUES (2, 5, '欠息金额')
	INSERT INTO TargetTableSheetColumn(SheetId, [Index], Name) VALUES (2, 6, '发放日')
	INSERT INTO TargetTableSheetColumn(SheetId, [Index], Name) VALUES (2, 7, '到期日')
	INSERT INTO TargetTableSheetColumn(SheetId, [Index], Name) VALUES (2, 8, '逾期天数')
	INSERT INTO TargetTableSheetColumn(SheetId, [Index], Name) VALUES (2, 9, '欠息天数')
	INSERT INTO TargetTableSheetColumn(SheetId, [Index], Name) VALUES (2, 10, '担保方式')
	INSERT INTO TargetTableSheetColumn(SheetId, [Index], Name) VALUES (2, 11, '行业')
	INSERT INTO TargetTableSheetColumn(SheetId, [Index], Name) VALUES (2, 12, '客户类型')
	INSERT INTO TargetTableSheetColumn(SheetId, [Index], Name) VALUES (2, 13, '贷款类型')
	INSERT INTO TargetTableSheetColumn(SheetId, [Index], Name) VALUES (2, 14, '是否本月新增')
	INSERT INTO TargetTableSheetColumn(SheetId, [Index], Name) VALUES (2, 15, '备注')

	/* 逾期 */
	INSERT INTO TargetTableSheetColumn(SheetId, [Index], Name) VALUES (3, 1, '行名')
	INSERT INTO TargetTableSheetColumn(SheetId, [Index], Name) VALUES (3, 2, '客户名称')
	INSERT INTO TargetTableSheetColumn(SheetId, [Index], Name) VALUES (3, 3, '贷款余额')
	INSERT INTO TargetTableSheetColumn(SheetId, [Index], Name) VALUES (3, 4, '违约金额')
	INSERT INTO TargetTableSheetColumn(SheetId, [Index], Name) VALUES (3, 5, '七级分类')
	INSERT INTO TargetTableSheetColumn(SheetId, [Index], Name) VALUES (3, 6, '欠息金额')
	INSERT INTO TargetTableSheetColumn(SheetId, [Index], Name) VALUES (3, 7, '放款日期')
	INSERT INTO TargetTableSheetColumn(SheetId, [Index], Name) VALUES (3, 8, '到期日期')
	INSERT INTO TargetTableSheetColumn(SheetId, [Index], Name) VALUES (3, 9, '逾期天数')
	INSERT INTO TargetTableSheetColumn(SheetId, [Index], Name) VALUES (3, 10, '欠息天数')
	INSERT INTO TargetTableSheetColumn(SheetId, [Index], Name) VALUES (3, 11, '担保方式')
	INSERT INTO TargetTableSheetColumn(SheetId, [Index], Name) VALUES (3, 12, '行业')
	INSERT INTO TargetTableSheetColumn(SheetId, [Index], Name) VALUES (3, 13, '客户类型')
	INSERT INTO TargetTableSheetColumn(SheetId, [Index], Name) VALUES (3, 14, '贷款种类说明')
	INSERT INTO TargetTableSheetColumn(SheetId, [Index], Name) VALUES (3, 15, '是否本月新增')
	INSERT INTO TargetTableSheetColumn(SheetId, [Index], Name) VALUES (3, 16, '备注')

	/* 只欠息 */
	INSERT INTO TargetTableSheetColumn(SheetId, [Index], Name) VALUES (4, 1, '行名')
	INSERT INTO TargetTableSheetColumn(SheetId, [Index], Name) VALUES (4, 2, '客户名称')
	INSERT INTO TargetTableSheetColumn(SheetId, [Index], Name) VALUES (4, 3, '本金余额')
	INSERT INTO TargetTableSheetColumn(SheetId, [Index], Name) VALUES (4, 4, '七级分类')
	INSERT INTO TargetTableSheetColumn(SheetId, [Index], Name) VALUES (4, 5, '欠息金额')
	INSERT INTO TargetTableSheetColumn(SheetId, [Index], Name) VALUES (4, 6, '放款日期')
	INSERT INTO TargetTableSheetColumn(SheetId, [Index], Name) VALUES (4, 7, '到期日期')
	INSERT INTO TargetTableSheetColumn(SheetId, [Index], Name) VALUES (4, 8, '逾期天数')
	INSERT INTO TargetTableSheetColumn(SheetId, [Index], Name) VALUES (4, 9, '欠息天数')
	INSERT INTO TargetTableSheetColumn(SheetId, [Index], Name) VALUES (4, 10, '担保方式')
	INSERT INTO TargetTableSheetColumn(SheetId, [Index], Name) VALUES (4, 11, '行业')
	INSERT INTO TargetTableSheetColumn(SheetId, [Index], Name) VALUES (4, 12, '客户类型')
	INSERT INTO TargetTableSheetColumn(SheetId, [Index], Name) VALUES (4, 13, '贷款种类说明')
	INSERT INTO TargetTableSheetColumn(SheetId, [Index], Name) VALUES (4, 14, '是否本月新增')
	INSERT INTO TargetTableSheetColumn(SheetId, [Index], Name) VALUES (4, 15, '备注')

	/* 关注贷款 */
	INSERT INTO TargetTableSheetColumn(SheetId, [Index], Name) VALUES (5, 1, '行名')
	INSERT INTO TargetTableSheetColumn(SheetId, [Index], Name) VALUES (5, 2, '客户名称')
	INSERT INTO TargetTableSheetColumn(SheetId, [Index], Name) VALUES (5, 3, '贷款余额')
	INSERT INTO TargetTableSheetColumn(SheetId, [Index], Name) VALUES (5, 4, '七级分类')
	INSERT INTO TargetTableSheetColumn(SheetId, [Index], Name) VALUES (5, 5, '欠息金额')
	INSERT INTO TargetTableSheetColumn(SheetId, [Index], Name) VALUES (5, 6, '放款日期')
	INSERT INTO TargetTableSheetColumn(SheetId, [Index], Name) VALUES (5, 7, '到期日期')
	INSERT INTO TargetTableSheetColumn(SheetId, [Index], Name) VALUES (5, 8, '逾期天数')
	INSERT INTO TargetTableSheetColumn(SheetId, [Index], Name) VALUES (5, 9, '欠息天数')
	INSERT INTO TargetTableSheetColumn(SheetId, [Index], Name) VALUES (5, 10, '担保方式')
	INSERT INTO TargetTableSheetColumn(SheetId, [Index], Name) VALUES (5, 11, '行业')
	INSERT INTO TargetTableSheetColumn(SheetId, [Index], Name) VALUES (5, 12, '客户类型')
	INSERT INTO TargetTableSheetColumn(SheetId, [Index], Name) VALUES (5, 13, '贷款类型')
	INSERT INTO TargetTableSheetColumn(SheetId, [Index], Name) VALUES (5, 14, '是否本月新增')
	INSERT INTO TargetTableSheetColumn(SheetId, [Index], Name) VALUES (5, 15, '备注')

	/* 累收累增 */
	INSERT INTO TargetTableSheetColumn(SheetId, [Index], Name) VALUES (6, 1, '客户类型')
	INSERT INTO TargetTableSheetColumn(SheetId, [Index], Name) VALUES (6, 2, '1_1_户数')
	INSERT INTO TargetTableSheetColumn(SheetId, [Index], Name) VALUES (6, 3, '1_1_金额')
	INSERT INTO TargetTableSheetColumn(SheetId, [Index], Name) VALUES (6, 4, '1_2_户数')
	INSERT INTO TargetTableSheetColumn(SheetId, [Index], Name) VALUES (6, 5, '1_2_金额')
	INSERT INTO TargetTableSheetColumn(SheetId, [Index], Name) VALUES (6, 6, '2_1_户数')
	INSERT INTO TargetTableSheetColumn(SheetId, [Index], Name) VALUES (6, 7, '2_1_金额')
	INSERT INTO TargetTableSheetColumn(SheetId, [Index], Name) VALUES (6, 8, '2_2_户数')
	INSERT INTO TargetTableSheetColumn(SheetId, [Index], Name) VALUES (6, 9, '2_2_金额')
	INSERT INTO TargetTableSheetColumn(SheetId, [Index], Name) VALUES (6, 10, '3_1_户数')
	INSERT INTO TargetTableSheetColumn(SheetId, [Index], Name) VALUES (6, 11, '3_1_金额')
	INSERT INTO TargetTableSheetColumn(SheetId, [Index], Name) VALUES (6, 12, '3_2_户数')
	INSERT INTO TargetTableSheetColumn(SheetId, [Index], Name) VALUES (6, 13, '3_2_金额')

	/* 风险贷款情况表-行业版 */
	INSERT INTO TargetTableSheetColumn(SheetId, [Index], Name) VALUES (7, 1, '所在分行')
	INSERT INTO TargetTableSheetColumn(SheetId, [Index], Name) VALUES (7, 2, '经办机构')
	INSERT INTO TargetTableSheetColumn(SheetId, [Index], Name) VALUES (7, 3, '客户')
	INSERT INTO TargetTableSheetColumn(SheetId, [Index], Name) VALUES (7, 4, '证件号码')
	INSERT INTO TargetTableSheetColumn(SheetId, [Index], Name) VALUES (7, 5, '五级')
	INSERT INTO TargetTableSheetColumn(SheetId, [Index], Name) VALUES (7, 6, '贷款余额')
	INSERT INTO TargetTableSheetColumn(SheetId, [Index], Name) VALUES (7, 7, '企业规模')
	INSERT INTO TargetTableSheetColumn(SheetId, [Index], Name) VALUES (7, 8, '业务种类')
	INSERT INTO TargetTableSheetColumn(SheetId, [Index], Name) VALUES (7, 9, '本金逾期天数')
	INSERT INTO TargetTableSheetColumn(SheetId, [Index], Name) VALUES (7, 10, '欠息天数')
	INSERT INTO TargetTableSheetColumn(SheetId, [Index], Name) VALUES (7, 11, '最终天数')
	INSERT INTO TargetTableSheetColumn(SheetId, [Index], Name) VALUES (7, 12, '天数范围')
	INSERT INTO TargetTableSheetColumn(SheetId, [Index], Name) VALUES (7, 13, '贷款投向行业门类')
	INSERT INTO TargetTableSheetColumn(SheetId, [Index], Name) VALUES (7, 14, '贷款投向行业大类')
	INSERT INTO TargetTableSheetColumn(SheetId, [Index], Name) VALUES (7, 15, '贷款投向行业中类')
	INSERT INTO TargetTableSheetColumn(SheetId, [Index], Name) VALUES (7, 16, '贷款投向行业小类')
	INSERT INTO TargetTableSheetColumn(SheetId, [Index], Name) VALUES (7, 17, '担保方式')
	INSERT INTO TargetTableSheetColumn(SheetId, [Index], Name) VALUES (7, 18, '是否中长期')

	/* GF0102-081 */
	INSERT INTO TargetTableSheetColumn(SheetId, [Index], Name) VALUES (8, 1, '序号')
	INSERT INTO TargetTableSheetColumn(SheetId, [Index], Name) VALUES (8, 2, '项目')
	INSERT INTO TargetTableSheetColumn(SheetId, [Index], Name) VALUES (8, 3, '人民币')
	INSERT INTO TargetTableSheetColumn(SheetId, [Index], Name) VALUES (8, 4, '外币折人民币')
	INSERT INTO TargetTableSheetColumn(SheetId, [Index], Name) VALUES (8, 5, '本外币合计')

	/* GF0107-141 */
	INSERT INTO TargetTableSheetColumn(SheetId, [Index], Name) VALUES (9, 1, '序号')
	INSERT INTO TargetTableSheetColumn(SheetId, [Index], Name) VALUES (9, 2, '行业名称')
	INSERT INTO TargetTableSheetColumn(SheetId, [Index], Name) VALUES (9, 3, '各项贷款')

	/* SF6301-141 */
	INSERT INTO TargetTableSheetColumn(SheetId, [Index], Name) VALUES (10, 1, '序号')
	INSERT INTO TargetTableSheetColumn(SheetId, [Index], Name) VALUES (10, 2, '项目')
	INSERT INTO TargetTableSheetColumn(SheetId, [Index], Name) VALUES (10, 3, '大型企业')
	INSERT INTO TargetTableSheetColumn(SheetId, [Index], Name) VALUES (10, 4, '中型企业')
	INSERT INTO TargetTableSheetColumn(SheetId, [Index], Name) VALUES (10, 5, '小型企业')
	INSERT INTO TargetTableSheetColumn(SheetId, [Index], Name) VALUES (10, 6, '微型企业')
	INSERT INTO TargetTableSheetColumn(SheetId, [Index], Name) VALUES (10, 7, '单户授信总额500万元以下的小微型企业')
	INSERT INTO TargetTableSheetColumn(SheetId, [Index], Name) VALUES (10, 8, '个人经营性贷款')
	INSERT INTO TargetTableSheetColumn(SheetId, [Index], Name) VALUES (10, 9, '其中：个体工商户贷款')
	INSERT INTO TargetTableSheetColumn(SheetId, [Index], Name) VALUES (10, 10, '其中：小微企业主贷款')

	/* SF6401-141 */
	INSERT INTO TargetTableSheetColumn(SheetId, [Index], Name) VALUES (11, 1, '序号')
	INSERT INTO TargetTableSheetColumn(SheetId, [Index], Name) VALUES (11, 2, '项目')
	INSERT INTO TargetTableSheetColumn(SheetId, [Index], Name) VALUES (11, 3, '大型企业')
	INSERT INTO TargetTableSheetColumn(SheetId, [Index], Name) VALUES (11, 4, '中型企业')
	INSERT INTO TargetTableSheetColumn(SheetId, [Index], Name) VALUES (11, 5, '小型企业')
	INSERT INTO TargetTableSheetColumn(SheetId, [Index], Name) VALUES (11, 6, '微型企业')
	INSERT INTO TargetTableSheetColumn(SheetId, [Index], Name) VALUES (11, 7, '单户授信总额500万元以下的小微型企业')
	INSERT INTO TargetTableSheetColumn(SheetId, [Index], Name) VALUES (11, 8, '个人经营性贷款')
	INSERT INTO TargetTableSheetColumn(SheetId, [Index], Name) VALUES (11, 9, '其中：个体工商户贷款')
	INSERT INTO TargetTableSheetColumn(SheetId, [Index], Name) VALUES (11, 10, '其中：小微企业主贷款')

	/* 风险贷款通报 */
	INSERT INTO TargetTableSheetColumn(SheetId, [Index], Name) VALUES (12, 1, '机构名称')
	INSERT INTO TargetTableSheetColumn(SheetId, [Index], Name) VALUES (12, 2, '贷款余额')
	INSERT INTO TargetTableSheetColumn(SheetId, [Index], Name) VALUES (12, 3, '笔数1')
	INSERT INTO TargetTableSheetColumn(SheetId, [Index], Name) VALUES (12, 4, '余额1')
	INSERT INTO TargetTableSheetColumn(SheetId, [Index], Name) VALUES (12, 5, '占比1')
	INSERT INTO TargetTableSheetColumn(SheetId, [Index], Name) VALUES (12, 6, '笔数2')
	INSERT INTO TargetTableSheetColumn(SheetId, [Index], Name) VALUES (12, 7, '余额2')
	INSERT INTO TargetTableSheetColumn(SheetId, [Index], Name) VALUES (12, 8, '占比2')
	INSERT INTO TargetTableSheetColumn(SheetId, [Index], Name) VALUES (12, 9, '笔数3')
	INSERT INTO TargetTableSheetColumn(SheetId, [Index], Name) VALUES (12, 10, '余额3')
	INSERT INTO TargetTableSheetColumn(SheetId, [Index], Name) VALUES (12, 11, '占比3')
	INSERT INTO TargetTableSheetColumn(SheetId, [Index], Name) VALUES (12, 12, '欠息金额')
	INSERT INTO TargetTableSheetColumn(SheetId, [Index], Name) VALUES (12, 13, '笔数4')
	INSERT INTO TargetTableSheetColumn(SheetId, [Index], Name) VALUES (12, 14, '余额4')
	INSERT INTO TargetTableSheetColumn(SheetId, [Index], Name) VALUES (12, 15, '占比4')

	/* 到期贷款情况 - 对公 */
	INSERT INTO TargetTableSheetColumn(SheetId, [Index], Name) VALUES (13, 1, '序号')
	INSERT INTO TargetTableSheetColumn(SheetId, [Index], Name) VALUES (13, 2, '支行名称')
	INSERT INTO TargetTableSheetColumn(SheetId, [Index], Name) VALUES (13, 3, '客户姓名')
	INSERT INTO TargetTableSheetColumn(SheetId, [Index], Name) VALUES (13, 4, '借据开始日期')
	INSERT INTO TargetTableSheetColumn(SheetId, [Index], Name) VALUES (13, 5, '借据结束日期')
	INSERT INTO TargetTableSheetColumn(SheetId, [Index], Name) VALUES (13, 6, '贷款余额')
	INSERT INTO TargetTableSheetColumn(SheetId, [Index], Name) VALUES (13, 7, '主要担保方式')

	/* 到期贷款情况 - 个人 */
	INSERT INTO TargetTableSheetColumn(SheetId, [Index], Name) VALUES (14, 1, '序号')
	INSERT INTO TargetTableSheetColumn(SheetId, [Index], Name) VALUES (14, 2, '支行名称')
	INSERT INTO TargetTableSheetColumn(SheetId, [Index], Name) VALUES (14, 3, '客户姓名')
	INSERT INTO TargetTableSheetColumn(SheetId, [Index], Name) VALUES (14, 4, '借据开始日期')
	INSERT INTO TargetTableSheetColumn(SheetId, [Index], Name) VALUES (14, 5, '借据结束日期')
	INSERT INTO TargetTableSheetColumn(SheetId, [Index], Name) VALUES (14, 6, '贷款余额')
	INSERT INTO TargetTableSheetColumn(SheetId, [Index], Name) VALUES (14, 7, '主要担保方式')

	/* 新增贷款明细表 - 非应计 */
	INSERT INTO TargetTableSheetColumn(SheetId, [Index], Name) VALUES (15, 1, '序号')
	INSERT INTO TargetTableSheetColumn(SheetId, [Index], Name) VALUES (15, 2, '客户名称')
	INSERT INTO TargetTableSheetColumn(SheetId, [Index], Name) VALUES (15, 3, '贷款余额')
	INSERT INTO TargetTableSheetColumn(SheetId, [Index], Name) VALUES (15, 4, '五级分类')
	INSERT INTO TargetTableSheetColumn(SheetId, [Index], Name) VALUES (15, 5, '担保方式')

	/* 新增贷款明细表 - 逾期 */
	INSERT INTO TargetTableSheetColumn(SheetId, [Index], Name) VALUES (16, 1, '序号')
	INSERT INTO TargetTableSheetColumn(SheetId, [Index], Name) VALUES (16, 2, '客户名称')
	INSERT INTO TargetTableSheetColumn(SheetId, [Index], Name) VALUES (16, 3, '贷款余额')
	INSERT INTO TargetTableSheetColumn(SheetId, [Index], Name) VALUES (16, 4, '五级分类')
	INSERT INTO TargetTableSheetColumn(SheetId, [Index], Name) VALUES (16, 5, '担保方式')
	
	/* 新增贷款明细表 - 只欠息 */
	INSERT INTO TargetTableSheetColumn(SheetId, [Index], Name) VALUES (17, 1, '序号')
	INSERT INTO TargetTableSheetColumn(SheetId, [Index], Name) VALUES (17, 2, '客户名称')
	INSERT INTO TargetTableSheetColumn(SheetId, [Index], Name) VALUES (17, 3, '贷款余额')
	INSERT INTO TargetTableSheetColumn(SheetId, [Index], Name) VALUES (17, 4, '五级分类')
	INSERT INTO TargetTableSheetColumn(SheetId, [Index], Name) VALUES (17, 5, '担保方式')

	/* 结清贷款明细表 - 非应计 */
	INSERT INTO TargetTableSheetColumn(SheetId, [Index], Name) VALUES (18, 1, '序号')
	INSERT INTO TargetTableSheetColumn(SheetId, [Index], Name) VALUES (18, 2, '客户名称')
	INSERT INTO TargetTableSheetColumn(SheetId, [Index], Name) VALUES (18, 3, '贷款余额')
	INSERT INTO TargetTableSheetColumn(SheetId, [Index], Name) VALUES (18, 4, '五级分类')
	INSERT INTO TargetTableSheetColumn(SheetId, [Index], Name) VALUES (18, 5, '担保方式')

	/* 结清贷款明细表 - 逾期 */
	INSERT INTO TargetTableSheetColumn(SheetId, [Index], Name) VALUES (19, 1, '序号')
	INSERT INTO TargetTableSheetColumn(SheetId, [Index], Name) VALUES (19, 2, '客户名称')
	INSERT INTO TargetTableSheetColumn(SheetId, [Index], Name) VALUES (19, 3, '贷款余额')
	INSERT INTO TargetTableSheetColumn(SheetId, [Index], Name) VALUES (19, 4, '五级分类')
	INSERT INTO TargetTableSheetColumn(SheetId, [Index], Name) VALUES (19, 5, '担保方式')
	
	/* 结清贷款明细表 - 只欠息 */
	INSERT INTO TargetTableSheetColumn(SheetId, [Index], Name) VALUES (20, 1, '序号')
	INSERT INTO TargetTableSheetColumn(SheetId, [Index], Name) VALUES (20, 2, '客户名称')
	INSERT INTO TargetTableSheetColumn(SheetId, [Index], Name) VALUES (20, 3, '贷款余额')
	INSERT INTO TargetTableSheetColumn(SheetId, [Index], Name) VALUES (20, 4, '五级分类')
	INSERT INTO TargetTableSheetColumn(SheetId, [Index], Name) VALUES (20, 5, '担保方式')

	/* 风险贷款变化情况表 */
	INSERT INTO TargetTableSheetColumn(SheetId, [Index], Name) VALUES (21, 1,  '机构名称')
	INSERT INTO TargetTableSheetColumn(SheetId, [Index], Name) VALUES (21, 2,  '时点1')
	INSERT INTO TargetTableSheetColumn(SheetId, [Index], Name) VALUES (21, 3,  '比上日1')
	INSERT INTO TargetTableSheetColumn(SheetId, [Index], Name) VALUES (21, 4,  '比上月1')
	INSERT INTO TargetTableSheetColumn(SheetId, [Index], Name) VALUES (21, 5,  '笔数10')
	INSERT INTO TargetTableSheetColumn(SheetId, [Index], Name) VALUES (21, 6,  '余额10')
	INSERT INTO TargetTableSheetColumn(SheetId, [Index], Name) VALUES (21, 7,  '占比10')
	INSERT INTO TargetTableSheetColumn(SheetId, [Index], Name) VALUES (21, 8,  '笔数11')
	INSERT INTO TargetTableSheetColumn(SheetId, [Index], Name) VALUES (21, 9,  '余额11')
	INSERT INTO TargetTableSheetColumn(SheetId, [Index], Name) VALUES (21, 10, '笔数12')
	INSERT INTO TargetTableSheetColumn(SheetId, [Index], Name) VALUES (21, 11, '余额12')
	INSERT INTO TargetTableSheetColumn(SheetId, [Index], Name) VALUES (21, 12, '笔数20')
	INSERT INTO TargetTableSheetColumn(SheetId, [Index], Name) VALUES (21, 13, '余额20')
	INSERT INTO TargetTableSheetColumn(SheetId, [Index], Name) VALUES (21, 14, '占比20')
	INSERT INTO TargetTableSheetColumn(SheetId, [Index], Name) VALUES (21, 15, '笔数21')
	INSERT INTO TargetTableSheetColumn(SheetId, [Index], Name) VALUES (21, 16, '余额21')
	INSERT INTO TargetTableSheetColumn(SheetId, [Index], Name) VALUES (21, 17, '笔数22')
	INSERT INTO TargetTableSheetColumn(SheetId, [Index], Name) VALUES (21, 18, '余额22')
	INSERT INTO TargetTableSheetColumn(SheetId, [Index], Name) VALUES (21, 19, '笔数30')
	INSERT INTO TargetTableSheetColumn(SheetId, [Index], Name) VALUES (21, 20, '余额30')
	INSERT INTO TargetTableSheetColumn(SheetId, [Index], Name) VALUES (21, 21, '占比30')
	INSERT INTO TargetTableSheetColumn(SheetId, [Index], Name) VALUES (21, 22, '笔数31')
	INSERT INTO TargetTableSheetColumn(SheetId, [Index], Name) VALUES (21, 23, '余额31')
	INSERT INTO TargetTableSheetColumn(SheetId, [Index], Name) VALUES (21, 24, '笔数32')
	INSERT INTO TargetTableSheetColumn(SheetId, [Index], Name) VALUES (21, 25, '余额32')
	INSERT INTO TargetTableSheetColumn(SheetId, [Index], Name) VALUES (21, 26, '笔数40')
	INSERT INTO TargetTableSheetColumn(SheetId, [Index], Name) VALUES (21, 27, '余额40')
	INSERT INTO TargetTableSheetColumn(SheetId, [Index], Name) VALUES (21, 28, '占比40')
	INSERT INTO TargetTableSheetColumn(SheetId, [Index], Name) VALUES (21, 29, '笔数41')
	INSERT INTO TargetTableSheetColumn(SheetId, [Index], Name) VALUES (21, 30, '余额41')
	INSERT INTO TargetTableSheetColumn(SheetId, [Index], Name) VALUES (21, 31, '笔数42')
	INSERT INTO TargetTableSheetColumn(SheetId, [Index], Name) VALUES (21, 32, '余额42')
	INSERT INTO TargetTableSheetColumn(SheetId, [Index], Name) VALUES (21, 33, '时点2')
	INSERT INTO TargetTableSheetColumn(SheetId, [Index], Name) VALUES (21, 34, '比上日2')
	INSERT INTO TargetTableSheetColumn(SheetId, [Index], Name) VALUES (21, 35, '比上月2')

	/* 中小企业资金需求及银行业支持情况报表 */
	INSERT INTO TargetTableSheetColumn(SheetId, [Index], Name) VALUES (22, 1, '序号')
	INSERT INTO TargetTableSheetColumn(SheetId, [Index], Name) VALUES (22, 2, '企业名称')
	INSERT INTO TargetTableSheetColumn(SheetId, [Index], Name) VALUES (22, 3, '注册时间')
	INSERT INTO TargetTableSheetColumn(SheetId, [Index], Name) VALUES (22, 4, '企业性质')
	INSERT INTO TargetTableSheetColumn(SheetId, [Index], Name) VALUES (22, 5, '行业')
	INSERT INTO TargetTableSheetColumn(SheetId, [Index], Name) VALUES (22, 6, '申请授信额')
	INSERT INTO TargetTableSheetColumn(SheetId, [Index], Name) VALUES (22, 7, '贷款用途')
	INSERT INTO TargetTableSheetColumn(SheetId, [Index], Name) VALUES (22, 8, '2014年末发放余额')
	INSERT INTO TargetTableSheetColumn(SheetId, [Index], Name) VALUES (22, 9, '2015年上半年发放余额')
	
	/* 贷款质量分类情况汇总表 */
	INSERT INTO TargetTableSheetColumn(SheetId, [Index], Name) VALUES (23, 1, '类型')
	INSERT INTO TargetTableSheetColumn(SheetId, [Index], Name) VALUES (23, 2, '贷款余额')
	INSERT INTO TargetTableSheetColumn(SheetId, [Index], Name) VALUES (23, 3, '正常贷款')
	INSERT INTO TargetTableSheetColumn(SheetId, [Index], Name) VALUES (23, 4, '正常类')
	INSERT INTO TargetTableSheetColumn(SheetId, [Index], Name) VALUES (23, 5, '关注类')
	INSERT INTO TargetTableSheetColumn(SheetId, [Index], Name) VALUES (23, 6, '关注1')
	INSERT INTO TargetTableSheetColumn(SheetId, [Index], Name) VALUES (23, 7, '关注2')
	INSERT INTO TargetTableSheetColumn(SheetId, [Index], Name) VALUES (23, 8, '关注3')
	INSERT INTO TargetTableSheetColumn(SheetId, [Index], Name) VALUES (23, 9, '不良贷款')
	INSERT INTO TargetTableSheetColumn(SheetId, [Index], Name) VALUES (23, 10, '次级类')
	INSERT INTO TargetTableSheetColumn(SheetId, [Index], Name) VALUES (23, 11, '可疑类')
	INSERT INTO TargetTableSheetColumn(SheetId, [Index], Name) VALUES (23, 12, '损失类')
	
	/* GF1101-121 */
	INSERT INTO TargetTableSheetColumn(SheetId, [Index], Name) VALUES (24, 1, '行业名称')
	INSERT INTO TargetTableSheetColumn(SheetId, [Index], Name) VALUES (24, 2, '各项贷款')
	INSERT INTO TargetTableSheetColumn(SheetId, [Index], Name) VALUES (24, 3, '正常贷款')
	INSERT INTO TargetTableSheetColumn(SheetId, [Index], Name) VALUES (24, 4, '正常类')
	INSERT INTO TargetTableSheetColumn(SheetId, [Index], Name) VALUES (24, 5, '关注类')
	INSERT INTO TargetTableSheetColumn(SheetId, [Index], Name) VALUES (24, 6, '不良贷款')
	INSERT INTO TargetTableSheetColumn(SheetId, [Index], Name) VALUES (24, 7, '次级类')
	INSERT INTO TargetTableSheetColumn(SheetId, [Index], Name) VALUES (24, 8, '可疑类')
	INSERT INTO TargetTableSheetColumn(SheetId, [Index], Name) VALUES (24, 9, '损失类')
	
	/* GF1103-121 */
	INSERT INTO TargetTableSheetColumn(SheetId, [Index], Name) VALUES (25, 1, '序号')
	INSERT INTO TargetTableSheetColumn(SheetId, [Index], Name) VALUES (25, 2, '行业名称')
	INSERT INTO TargetTableSheetColumn(SheetId, [Index], Name) VALUES (25, 3, '各项贷款')
	INSERT INTO TargetTableSheetColumn(SheetId, [Index], Name) VALUES (25, 4, '正常贷款')
	INSERT INTO TargetTableSheetColumn(SheetId, [Index], Name) VALUES (25, 5, '正常类')
	INSERT INTO TargetTableSheetColumn(SheetId, [Index], Name) VALUES (25, 6, '关注类')
	INSERT INTO TargetTableSheetColumn(SheetId, [Index], Name) VALUES (25, 7, '不良贷款')
	INSERT INTO TargetTableSheetColumn(SheetId, [Index], Name) VALUES (25, 8, '次级类')
	INSERT INTO TargetTableSheetColumn(SheetId, [Index], Name) VALUES (25, 9, '可疑类')
	INSERT INTO TargetTableSheetColumn(SheetId, [Index], Name) VALUES (25, 10, '损失类')
	
	/* GF1200-101 */
	INSERT INTO TargetTableSheetColumn(SheetId, [Index], Name) VALUES (26, 1, '序号')
	INSERT INTO TargetTableSheetColumn(SheetId, [Index], Name) VALUES (26, 2, '项目')
	INSERT INTO TargetTableSheetColumn(SheetId, [Index], Name) VALUES (26, 3, '年初余额')
	INSERT INTO TargetTableSheetColumn(SheetId, [Index], Name) VALUES (26, 4, '本期减少')
	INSERT INTO TargetTableSheetColumn(SheetId, [Index], Name) VALUES (26, 5, '正常类贷款')
	INSERT INTO TargetTableSheetColumn(SheetId, [Index], Name) VALUES (26, 6, '关注类贷款')
	INSERT INTO TargetTableSheetColumn(SheetId, [Index], Name) VALUES (26, 7, '次级类贷款')
	INSERT INTO TargetTableSheetColumn(SheetId, [Index], Name) VALUES (26, 8, '可疑类贷款')
	INSERT INTO TargetTableSheetColumn(SheetId, [Index], Name) VALUES (26, 9, '损失类贷款')
	INSERT INTO TargetTableSheetColumn(SheetId, [Index], Name) VALUES (26, 10, '合计')
	INSERT INTO TargetTableSheetColumn(SheetId, [Index], Name) VALUES (26, 11, '总额')
	INSERT INTO TargetTableSheetColumn(SheetId, [Index], Name) VALUES (26, 12, '重组调整')
	INSERT INTO TargetTableSheetColumn(SheetId, [Index], Name) VALUES (26, 13, '非重组调整')
	INSERT INTO TargetTableSheetColumn(SheetId, [Index], Name) VALUES (26, 14, '次级类贷款')
	INSERT INTO TargetTableSheetColumn(SheetId, [Index], Name) VALUES (26, 15, '可疑类贷款')
	INSERT INTO TargetTableSheetColumn(SheetId, [Index], Name) VALUES (26, 16, '损失类贷款')
	
	/* GF1301-081 */
	INSERT INTO TargetTableSheetColumn(SheetId, [Index], Name) VALUES (27, 1, '排序')
	INSERT INTO TargetTableSheetColumn(SheetId, [Index], Name) VALUES (27, 2, '客户名称')
	INSERT INTO TargetTableSheetColumn(SheetId, [Index], Name) VALUES (27, 3, '客户代码')
	INSERT INTO TargetTableSheetColumn(SheetId, [Index], Name) VALUES (27, 4, '关注类贷款余额')
	INSERT INTO TargetTableSheetColumn(SheetId, [Index], Name) VALUES (27, 5, '本金')
	INSERT INTO TargetTableSheetColumn(SheetId, [Index], Name) VALUES (27, 6, '利息')
	INSERT INTO TargetTableSheetColumn(SheetId, [Index], Name) VALUES (27, 7, '逾期最长时间')
	INSERT INTO TargetTableSheetColumn(SheetId, [Index], Name) VALUES (27, 8, '专项准备')
	INSERT INTO TargetTableSheetColumn(SheetId, [Index], Name) VALUES (27, 9, '其他类贷款余额')
	INSERT INTO TargetTableSheetColumn(SheetId, [Index], Name) VALUES (27, 10, '其他表内授信')
	
	/* GF1302-081 */
	INSERT INTO TargetTableSheetColumn(SheetId, [Index], Name) VALUES (28, 1, '排序')
	INSERT INTO TargetTableSheetColumn(SheetId, [Index], Name) VALUES (28, 2, '客户名称')
	INSERT INTO TargetTableSheetColumn(SheetId, [Index], Name) VALUES (28, 3, '客户代码')
	INSERT INTO TargetTableSheetColumn(SheetId, [Index], Name) VALUES (28, 4, '次级类贷款余额')
	INSERT INTO TargetTableSheetColumn(SheetId, [Index], Name) VALUES (28, 5, '本金')
	INSERT INTO TargetTableSheetColumn(SheetId, [Index], Name) VALUES (28, 6, '利息')
	INSERT INTO TargetTableSheetColumn(SheetId, [Index], Name) VALUES (28, 7, '逾期最长时间')
	INSERT INTO TargetTableSheetColumn(SheetId, [Index], Name) VALUES (28, 8, '专项准备')
	INSERT INTO TargetTableSheetColumn(SheetId, [Index], Name) VALUES (28, 9, '其他类贷款余额')
	INSERT INTO TargetTableSheetColumn(SheetId, [Index], Name) VALUES (28, 10, '其他表内授信')
	
	/* GF1303-081 */
	INSERT INTO TargetTableSheetColumn(SheetId, [Index], Name) VALUES (29, 1, '排序')
	INSERT INTO TargetTableSheetColumn(SheetId, [Index], Name) VALUES (29, 2, '客户名称')
	INSERT INTO TargetTableSheetColumn(SheetId, [Index], Name) VALUES (29, 3, '客户代码')
	INSERT INTO TargetTableSheetColumn(SheetId, [Index], Name) VALUES (29, 4, '可疑类贷款余额')
	INSERT INTO TargetTableSheetColumn(SheetId, [Index], Name) VALUES (29, 5, '本金')
	INSERT INTO TargetTableSheetColumn(SheetId, [Index], Name) VALUES (29, 6, '利息')
	INSERT INTO TargetTableSheetColumn(SheetId, [Index], Name) VALUES (29, 7, '逾期最长时间')
	INSERT INTO TargetTableSheetColumn(SheetId, [Index], Name) VALUES (29, 8, '专项准备')
	INSERT INTO TargetTableSheetColumn(SheetId, [Index], Name) VALUES (29, 9, '其他类贷款余额')
	INSERT INTO TargetTableSheetColumn(SheetId, [Index], Name) VALUES (29, 10, '其他表内授信')
	
	/* GF1304-081 */
	INSERT INTO TargetTableSheetColumn(SheetId, [Index], Name) VALUES (30, 1, '排序')
	INSERT INTO TargetTableSheetColumn(SheetId, [Index], Name) VALUES (30, 2, '客户名称')
	INSERT INTO TargetTableSheetColumn(SheetId, [Index], Name) VALUES (30, 3, '客户代码')
	INSERT INTO TargetTableSheetColumn(SheetId, [Index], Name) VALUES (30, 4, '损失类贷款余额')
	INSERT INTO TargetTableSheetColumn(SheetId, [Index], Name) VALUES (30, 5, '本金')
	INSERT INTO TargetTableSheetColumn(SheetId, [Index], Name) VALUES (30, 6, '利息')
	INSERT INTO TargetTableSheetColumn(SheetId, [Index], Name) VALUES (30, 7, '逾期最长时间')
	INSERT INTO TargetTableSheetColumn(SheetId, [Index], Name) VALUES (30, 8, '专项准备')
	INSERT INTO TargetTableSheetColumn(SheetId, [Index], Name) VALUES (30, 9, '其他类贷款余额')
	INSERT INTO TargetTableSheetColumn(SheetId, [Index], Name) VALUES (30, 10, '其他表内授信')
	
	/* GF1403-111 */
	INSERT INTO TargetTableSheetColumn(SheetId, [Index], Name) VALUES (31, 1, '序号')
	INSERT INTO TargetTableSheetColumn(SheetId, [Index], Name) VALUES (31, 2, '排序')
	INSERT INTO TargetTableSheetColumn(SheetId, [Index], Name) VALUES (31, 3, '客户名称')
	INSERT INTO TargetTableSheetColumn(SheetId, [Index], Name) VALUES (31, 4, '客户代码')
	INSERT INTO TargetTableSheetColumn(SheetId, [Index], Name) VALUES (31, 5, '报告期内最高风险额')
	INSERT INTO TargetTableSheetColumn(SheetId, [Index], Name) VALUES (31, 6, '贷款余额')
	INSERT INTO TargetTableSheetColumn(SheetId, [Index], Name) VALUES (31, 7, '占资本净额比例')
	INSERT INTO TargetTableSheetColumn(SheetId, [Index], Name) VALUES (31, 8, '正常类')
	INSERT INTO TargetTableSheetColumn(SheetId, [Index], Name) VALUES (31, 9, '关注类')
	INSERT INTO TargetTableSheetColumn(SheetId, [Index], Name) VALUES (31, 10, '次级类')
	INSERT INTO TargetTableSheetColumn(SheetId, [Index], Name) VALUES (31, 11, '可疑类')
	INSERT INTO TargetTableSheetColumn(SheetId, [Index], Name) VALUES (31, 12, '损失类')
	INSERT INTO TargetTableSheetColumn(SheetId, [Index], Name) VALUES (31, 13, '其他表内授信')
	INSERT INTO TargetTableSheetColumn(SheetId, [Index], Name) VALUES (31, 14, '其中：持有的客户发行的债券')
	INSERT INTO TargetTableSheetColumn(SheetId, [Index], Name) VALUES (31, 15, '不可撤销的承诺及或有负债')
	INSERT INTO TargetTableSheetColumn(SheetId, [Index], Name) VALUES (31, 16, '其他表外项目')
	INSERT INTO TargetTableSheetColumn(SheetId, [Index], Name) VALUES (31, 17, '其中：衍生产品交易的信用风险暴露')
	INSERT INTO TargetTableSheetColumn(SheetId, [Index], Name) VALUES (31, 18, '授信余额')
	INSERT INTO TargetTableSheetColumn(SheetId, [Index], Name) VALUES (31, 19, '扣除保证金、银行存单和国债后的授信余额')
	INSERT INTO TargetTableSheetColumn(SheetId, [Index], Name) VALUES (31, 20, '占资本净额比例')
	INSERT INTO TargetTableSheetColumn(SheetId, [Index], Name) VALUES (31, 21, '保证金、银行存单、国债')
	
	/* GF1900-151 */
	INSERT INTO TargetTableSheetColumn(SheetId, [Index], Name) VALUES (32, 1, '序号')
	INSERT INTO TargetTableSheetColumn(SheetId, [Index], Name) VALUES (32, 2, '行业名称')
	INSERT INTO TargetTableSheetColumn(SheetId, [Index], Name) VALUES (32, 3, '行业代码')
	INSERT INTO TargetTableSheetColumn(SheetId, [Index], Name) VALUES (32, 4, '贷款余额')
	INSERT INTO TargetTableSheetColumn(SheetId, [Index], Name) VALUES (32, 5, '工业转型升级项目')
	INSERT INTO TargetTableSheetColumn(SheetId, [Index], Name) VALUES (32, 6, '节能环保')
	INSERT INTO TargetTableSheetColumn(SheetId, [Index], Name) VALUES (32, 7, '新一代信息技术')
	INSERT INTO TargetTableSheetColumn(SheetId, [Index], Name) VALUES (32, 8, '生物')
	INSERT INTO TargetTableSheetColumn(SheetId, [Index], Name) VALUES (32, 9, '高端装备制造')
	INSERT INTO TargetTableSheetColumn(SheetId, [Index], Name) VALUES (32, 10, '新能源')
	INSERT INTO TargetTableSheetColumn(SheetId, [Index], Name) VALUES (32, 11, '新材料')
	INSERT INTO TargetTableSheetColumn(SheetId, [Index], Name) VALUES (32, 12, '新能源汽车')
	INSERT INTO TargetTableSheetColumn(SheetId, [Index], Name) VALUES (32, 13, '文化产业')
	INSERT INTO TargetTableSheetColumn(SheetId, [Index], Name) VALUES (32, 14, '正常类')
	INSERT INTO TargetTableSheetColumn(SheetId, [Index], Name) VALUES (32, 15, '关注类')
	INSERT INTO TargetTableSheetColumn(SheetId, [Index], Name) VALUES (32, 16, '次级类')
	INSERT INTO TargetTableSheetColumn(SheetId, [Index], Name) VALUES (32, 17, '可疑类')
	INSERT INTO TargetTableSheetColumn(SheetId, [Index], Name) VALUES (32, 18, '损失类')
	
	/* SF6302-131 */
	INSERT INTO TargetTableSheetColumn(SheetId, [Index], Name) VALUES (33, 1, '序号')
	INSERT INTO TargetTableSheetColumn(SheetId, [Index], Name) VALUES (33, 2, '项目')
	INSERT INTO TargetTableSheetColumn(SheetId, [Index], Name) VALUES (33, 3, '大型企业不良贷款  ')
	INSERT INTO TargetTableSheetColumn(SheetId, [Index], Name) VALUES (33, 4, '中型企业不良贷款  ')
	INSERT INTO TargetTableSheetColumn(SheetId, [Index], Name) VALUES (33, 5, '小型企业不良贷款  ')
	INSERT INTO TargetTableSheetColumn(SheetId, [Index], Name) VALUES (33, 6, '微型企业不良贷款  ')
	INSERT INTO TargetTableSheetColumn(SheetId, [Index], Name) VALUES (33, 7, '单户授信总额500万元以下的小微型企业不良贷款')
	INSERT INTO TargetTableSheetColumn(SheetId, [Index], Name) VALUES (33, 8, '个人经营性不良贷款')
	INSERT INTO TargetTableSheetColumn(SheetId, [Index], Name) VALUES (33, 9, '其中：个体工商户不良贷款')
	INSERT INTO TargetTableSheetColumn(SheetId, [Index], Name) VALUES (33, 10, '其中：小微企业主不良贷款')
	
	/* SF6402-131 */
	INSERT INTO TargetTableSheetColumn(SheetId, [Index], Name) VALUES (34, 1, '序号')
	INSERT INTO TargetTableSheetColumn(SheetId, [Index], Name) VALUES (34, 2, '项目')
	INSERT INTO TargetTableSheetColumn(SheetId, [Index], Name) VALUES (34, 3, '大型企业不良贷款  ')
	INSERT INTO TargetTableSheetColumn(SheetId, [Index], Name) VALUES (34, 4, '中型企业不良贷款  ')
	INSERT INTO TargetTableSheetColumn(SheetId, [Index], Name) VALUES (34, 5, '小型企业不良贷款  ')
	INSERT INTO TargetTableSheetColumn(SheetId, [Index], Name) VALUES (34, 6, '微型企业不良贷款  ')
	INSERT INTO TargetTableSheetColumn(SheetId, [Index], Name) VALUES (34, 7, '单户授信总额500万元以下的小微型企业不良贷款')
	INSERT INTO TargetTableSheetColumn(SheetId, [Index], Name) VALUES (34, 8, '个人经营性不良贷款')
	INSERT INTO TargetTableSheetColumn(SheetId, [Index], Name) VALUES (34, 9, '其中：个体工商户不良贷款')
	INSERT INTO TargetTableSheetColumn(SheetId, [Index], Name) VALUES (34, 10, '其中：小微企业主不良贷款')
	
	/* SF6700-151 */
	INSERT INTO TargetTableSheetColumn(SheetId, [Index], Name) VALUES (35, 1, '序号')
	INSERT INTO TargetTableSheetColumn(SheetId, [Index], Name) VALUES (35, 2, '项目')
	INSERT INTO TargetTableSheetColumn(SheetId, [Index], Name) VALUES (35, 3, '期末余额')
	INSERT INTO TargetTableSheetColumn(SheetId, [Index], Name) VALUES (35, 4, '本年')
	INSERT INTO TargetTableSheetColumn(SheetId, [Index], Name) VALUES (35, 5, 'T-1')
	INSERT INTO TargetTableSheetColumn(SheetId, [Index], Name) VALUES (35, 6, 'T-2')
	INSERT INTO TargetTableSheetColumn(SheetId, [Index], Name) VALUES (35, 7, 'T-3')
	INSERT INTO TargetTableSheetColumn(SheetId, [Index], Name) VALUES (35, 8, 'T-3以前')
	INSERT INTO TargetTableSheetColumn(SheetId, [Index], Name) VALUES (35, 9, '正常贷款')
	INSERT INTO TargetTableSheetColumn(SheetId, [Index], Name) VALUES (35, 10, '正常类')
	INSERT INTO TargetTableSheetColumn(SheetId, [Index], Name) VALUES (35, 11, '关注类')
	INSERT INTO TargetTableSheetColumn(SheetId, [Index], Name) VALUES (35, 12, '不良贷款')
	INSERT INTO TargetTableSheetColumn(SheetId, [Index], Name) VALUES (35, 13, '次级类')
	INSERT INTO TargetTableSheetColumn(SheetId, [Index], Name) VALUES (35, 14, '可疑类')
	INSERT INTO TargetTableSheetColumn(SheetId, [Index], Name) VALUES (35, 15, '损失类')
	INSERT INTO TargetTableSheetColumn(SheetId, [Index], Name) VALUES (35, 16, '展期贷款')
	INSERT INTO TargetTableSheetColumn(SheetId, [Index], Name) VALUES (35, 17, '逾期贷款')
	INSERT INTO TargetTableSheetColumn(SheetId, [Index], Name) VALUES (35, 18, '逾期1-30天')
	INSERT INTO TargetTableSheetColumn(SheetId, [Index], Name) VALUES (35, 19, '逾期31-90天')
	INSERT INTO TargetTableSheetColumn(SheetId, [Index], Name) VALUES (35, 20, '逾期91-180天')
	INSERT INTO TargetTableSheetColumn(SheetId, [Index], Name) VALUES (35, 21, '逾期181-360天')
	INSERT INTO TargetTableSheetColumn(SheetId, [Index], Name) VALUES (35, 22, '逾期361天以上')
	
	/* 榆林地区不良贷款监测旬报 - 附表1 */
	INSERT INTO TargetTableSheetColumn(SheetId, [Index], Name) VALUES (36, 1, '类别')
	INSERT INTO TargetTableSheetColumn(SheetId, [Index], Name) VALUES (36, 2, '本期')
	INSERT INTO TargetTableSheetColumn(SheetId, [Index], Name) VALUES (36, 3, '比上旬增减')
	INSERT INTO TargetTableSheetColumn(SheetId, [Index], Name) VALUES (36, 4, '比上月增减')
	INSERT INTO TargetTableSheetColumn(SheetId, [Index], Name) VALUES (36, 5, '比年初增减')
	
	/* 榆林地区不良贷款监测旬报 - 附表2 */
	INSERT INTO TargetTableSheetColumn(SheetId, [Index], Name) VALUES (37, 1, '类别')
	INSERT INTO TargetTableSheetColumn(SheetId, [Index], Name) VALUES (37, 2, '本期')
	INSERT INTO TargetTableSheetColumn(SheetId, [Index], Name) VALUES (37, 3, '比上旬增减')
	INSERT INTO TargetTableSheetColumn(SheetId, [Index], Name) VALUES (37, 4, '比上月增减')
	INSERT INTO TargetTableSheetColumn(SheetId, [Index], Name) VALUES (37, 5, '比年初增减')
	
	/* 榆林地区不良贷款监测旬报 - 附表3 */
	INSERT INTO TargetTableSheetColumn(SheetId, [Index], Name) VALUES (38, 1, '类别')
	INSERT INTO TargetTableSheetColumn(SheetId, [Index], Name) VALUES (38, 2, '本期')
	INSERT INTO TargetTableSheetColumn(SheetId, [Index], Name) VALUES (38, 3, '比上旬增减')
	INSERT INTO TargetTableSheetColumn(SheetId, [Index], Name) VALUES (38, 4, '比上月增减')
	INSERT INTO TargetTableSheetColumn(SheetId, [Index], Name) VALUES (38, 5, '比年初增减')
	
	/* 榆林地区不良贷款监测旬报 - 附表4 */
	INSERT INTO TargetTableSheetColumn(SheetId, [Index], Name) VALUES (39, 1, '序号')
	INSERT INTO TargetTableSheetColumn(SheetId, [Index], Name) VALUES (39, 2, '户名')
	INSERT INTO TargetTableSheetColumn(SheetId, [Index], Name) VALUES (39, 3, '不良贷款余额')
	INSERT INTO TargetTableSheetColumn(SheetId, [Index], Name) VALUES (39, 4, '比上月增减')
	INSERT INTO TargetTableSheetColumn(SheetId, [Index], Name) VALUES (39, 5, '比年初增减')
	INSERT INTO TargetTableSheetColumn(SheetId, [Index], Name) VALUES (39, 6, '不良余额占本行全部不良的比重')
	INSERT INTO TargetTableSheetColumn(SheetId, [Index], Name) VALUES (39, 7, '贷款发放日期')
	INSERT INTO TargetTableSheetColumn(SheetId, [Index], Name) VALUES (39, 8, '贷款金额')
	INSERT INTO TargetTableSheetColumn(SheetId, [Index], Name) VALUES (39, 9, '担保方式')
	INSERT INTO TargetTableSheetColumn(SheetId, [Index], Name) VALUES (39, 10, '抵质押物')
	INSERT INTO TargetTableSheetColumn(SheetId, [Index], Name) VALUES (39, 11, '抵质押物当前价值')
	INSERT INTO TargetTableSheetColumn(SheetId, [Index], Name) VALUES (39, 12, '保证人')
	INSERT INTO TargetTableSheetColumn(SheetId, [Index], Name) VALUES (39, 13, '保证人净资产')
	INSERT INTO TargetTableSheetColumn(SheetId, [Index], Name) VALUES (39, 14, '保证人对外保证总余额')
	
	/* 授信情况统计表 - 城商行榆林地区授信总体情况表 */
	INSERT INTO TargetTableSheetColumn(SheetId, [Index], Name) VALUES (41, 1, '序号')
	INSERT INTO TargetTableSheetColumn(SheetId, [Index], Name) VALUES (41, 2, '项目')
	INSERT INTO TargetTableSheetColumn(SheetId, [Index], Name) VALUES (41, 3, '各项贷款')
	INSERT INTO TargetTableSheetColumn(SheetId, [Index], Name) VALUES (41, 4, '较上月增减')
	INSERT INTO TargetTableSheetColumn(SheetId, [Index], Name) VALUES (41, 5, '较年初增减')
	INSERT INTO TargetTableSheetColumn(SheetId, [Index], Name) VALUES (41, 6, '正常类贷款')
	INSERT INTO TargetTableSheetColumn(SheetId, [Index], Name) VALUES (41, 7, '较上月增减')
	INSERT INTO TargetTableSheetColumn(SheetId, [Index], Name) VALUES (41, 8, '较年初增减')
	INSERT INTO TargetTableSheetColumn(SheetId, [Index], Name) VALUES (41, 9, '关注类贷款')
	INSERT INTO TargetTableSheetColumn(SheetId, [Index], Name) VALUES (41, 10, '较上月增减')
	INSERT INTO TargetTableSheetColumn(SheetId, [Index], Name) VALUES (41, 11, '较年初增减')
	INSERT INTO TargetTableSheetColumn(SheetId, [Index], Name) VALUES (41, 12, '次级类贷款')
	INSERT INTO TargetTableSheetColumn(SheetId, [Index], Name) VALUES (41, 13, '较上月增减')
	INSERT INTO TargetTableSheetColumn(SheetId, [Index], Name) VALUES (41, 14, '较年初增减')
	INSERT INTO TargetTableSheetColumn(SheetId, [Index], Name) VALUES (41, 15, '可疑类贷款')
	INSERT INTO TargetTableSheetColumn(SheetId, [Index], Name) VALUES (41, 16, '较上月增减')
	INSERT INTO TargetTableSheetColumn(SheetId, [Index], Name) VALUES (41, 17, '较年初增减')
	INSERT INTO TargetTableSheetColumn(SheetId, [Index], Name) VALUES (41, 18, '损失类贷款')
	INSERT INTO TargetTableSheetColumn(SheetId, [Index], Name) VALUES (41, 19, '较上月增减')
	INSERT INTO TargetTableSheetColumn(SheetId, [Index], Name) VALUES (41, 20, '较年初增减')
	
	/* 授信情况统计表 - 城商行榆林地区前20大公司类贷款统计表 */
	INSERT INTO TargetTableSheetColumn(SheetId, [Index], Name) VALUES (42, 1, '序号')
	INSERT INTO TargetTableSheetColumn(SheetId, [Index], Name) VALUES (42, 2, '经办行')
	INSERT INTO TargetTableSheetColumn(SheetId, [Index], Name) VALUES (42, 3, '借款人名称')
	INSERT INTO TargetTableSheetColumn(SheetId, [Index], Name) VALUES (42, 4, '借款人所属行业分类')
	INSERT INTO TargetTableSheetColumn(SheetId, [Index], Name) VALUES (42, 5, '融资否')
	INSERT INTO TargetTableSheetColumn(SheetId, [Index], Name) VALUES (42, 6, '现金流')
	INSERT INTO TargetTableSheetColumn(SheetId, [Index], Name) VALUES (42, 7, '贷款合同金额')
	INSERT INTO TargetTableSheetColumn(SheetId, [Index], Name) VALUES (42, 8, '贷款余额')
	INSERT INTO TargetTableSheetColumn(SheetId, [Index], Name) VALUES (42, 9, '贷款种类')
	INSERT INTO TargetTableSheetColumn(SheetId, [Index], Name) VALUES (42, 10, '资本金比例')
	INSERT INTO TargetTableSheetColumn(SheetId, [Index], Name) VALUES (42, 11, '项目名称')
	INSERT INTO TargetTableSheetColumn(SheetId, [Index], Name) VALUES (42, 12, '借款起止日')
	INSERT INTO TargetTableSheetColumn(SheetId, [Index], Name) VALUES (42, 13, '信用')
	INSERT INTO TargetTableSheetColumn(SheetId, [Index], Name) VALUES (42, 14, '保证')
	INSERT INTO TargetTableSheetColumn(SheetId, [Index], Name) VALUES (42, 15, '抵押物')
	INSERT INTO TargetTableSheetColumn(SheetId, [Index], Name) VALUES (42, 16, '抵押率')
	INSERT INTO TargetTableSheetColumn(SheetId, [Index], Name) VALUES (42, 17, '质押物')
	INSERT INTO TargetTableSheetColumn(SheetId, [Index], Name) VALUES (42, 18, '质押率')
	INSERT INTO TargetTableSheetColumn(SheetId, [Index], Name) VALUES (42, 19, '其他担保')
	INSERT INTO TargetTableSheetColumn(SheetId, [Index], Name) VALUES (42, 20, '五级分类')
	INSERT INTO TargetTableSheetColumn(SheetId, [Index], Name) VALUES (42, 21, '上月末五级分类')
	INSERT INTO TargetTableSheetColumn(SheetId, [Index], Name) VALUES (42, 22, '不良形成原因')
	
	/* 授信情况统计表 - 城商行榆林地区公司类不良贷款情况表 */
	INSERT INTO TargetTableSheetColumn(SheetId, [Index], Name) VALUES (43, 1, '序号')
	INSERT INTO TargetTableSheetColumn(SheetId, [Index], Name) VALUES (43, 2, '经办行')
	INSERT INTO TargetTableSheetColumn(SheetId, [Index], Name) VALUES (43, 3, '借款人名称')
	INSERT INTO TargetTableSheetColumn(SheetId, [Index], Name) VALUES (43, 4, '借款人所属行业分类')
	INSERT INTO TargetTableSheetColumn(SheetId, [Index], Name) VALUES (43, 5, '融资否')
	INSERT INTO TargetTableSheetColumn(SheetId, [Index], Name) VALUES (43, 6, '贷款合同金额')
	INSERT INTO TargetTableSheetColumn(SheetId, [Index], Name) VALUES (43, 7, '贷款余额')
	INSERT INTO TargetTableSheetColumn(SheetId, [Index], Name) VALUES (43, 8, '贷款种类')
	INSERT INTO TargetTableSheetColumn(SheetId, [Index], Name) VALUES (43, 9, '借款起止日')
	INSERT INTO TargetTableSheetColumn(SheetId, [Index], Name) VALUES (43, 10, '信用')
	INSERT INTO TargetTableSheetColumn(SheetId, [Index], Name) VALUES (43, 11, '是否逾期')
	INSERT INTO TargetTableSheetColumn(SheetId, [Index], Name) VALUES (43, 12, '逾期天数')
	INSERT INTO TargetTableSheetColumn(SheetId, [Index], Name) VALUES (43, 13, '逾期本金')
	INSERT INTO TargetTableSheetColumn(SheetId, [Index], Name) VALUES (43, 14, '逾期利息')
	INSERT INTO TargetTableSheetColumn(SheetId, [Index], Name) VALUES (43, 15, '五级分类')
	
	/* 授信情况统计表 - 城商行榆林地区前20大个人类贷款统计表 */
	INSERT INTO TargetTableSheetColumn(SheetId, [Index], Name) VALUES (44, 1, '序号')
	INSERT INTO TargetTableSheetColumn(SheetId, [Index], Name) VALUES (44, 2, '经办行')
	INSERT INTO TargetTableSheetColumn(SheetId, [Index], Name) VALUES (44, 3, '借款人名称')
	INSERT INTO TargetTableSheetColumn(SheetId, [Index], Name) VALUES (44, 4, '借款人所属行业分类')
	INSERT INTO TargetTableSheetColumn(SheetId, [Index], Name) VALUES (44, 5, '贷款合同金额')
	INSERT INTO TargetTableSheetColumn(SheetId, [Index], Name) VALUES (44, 6, '贷款余额')
	INSERT INTO TargetTableSheetColumn(SheetId, [Index], Name) VALUES (44, 7, '贷款种类')
	INSERT INTO TargetTableSheetColumn(SheetId, [Index], Name) VALUES (44, 8, '首付比例')
	INSERT INTO TargetTableSheetColumn(SheetId, [Index], Name) VALUES (44, 9, '楼盘名称')
	INSERT INTO TargetTableSheetColumn(SheetId, [Index], Name) VALUES (44, 10, '借款起止日')
	INSERT INTO TargetTableSheetColumn(SheetId, [Index], Name) VALUES (44, 11, '信用')
	INSERT INTO TargetTableSheetColumn(SheetId, [Index], Name) VALUES (44, 12, '保证')
	INSERT INTO TargetTableSheetColumn(SheetId, [Index], Name) VALUES (44, 13, '抵押物')
	INSERT INTO TargetTableSheetColumn(SheetId, [Index], Name) VALUES (44, 14, '抵押率')
	INSERT INTO TargetTableSheetColumn(SheetId, [Index], Name) VALUES (44, 15, '质押物')
	INSERT INTO TargetTableSheetColumn(SheetId, [Index], Name) VALUES (44, 16, '质押率')
	INSERT INTO TargetTableSheetColumn(SheetId, [Index], Name) VALUES (44, 17, '其他担保')
	INSERT INTO TargetTableSheetColumn(SheetId, [Index], Name) VALUES (44, 18, '五级分类')
	INSERT INTO TargetTableSheetColumn(SheetId, [Index], Name) VALUES (44, 19, '上月末五级分类')
	INSERT INTO TargetTableSheetColumn(SheetId, [Index], Name) VALUES (44, 20, '不良形成原因')
END
